file,added_lines,deleted_lines,commits,bug_fix_commits,developers,global_developers,average_time_between_changes,global_average_time_between_changes,mean_expertise,min_expertise,comments_changed,comments_unchanged
standalone-metastore/src/main/java/org/apache/hadoop/hive/metastore/conf/MetastoreConf.java,26,5,5,0,3,12,656698.75,862701.0294117647,3.6666666666666665,2,4,1
ql/src/java/org/apache/hadoop/hive/ql/parse/ParseDriver.java,11,0,1,0,1,12,0.0,6943454.470588235,2.0,2,1,0
ql/src/java/org/apache/hadoop/hive/ql/parse/QB.java,4,0,1,0,1,14,0.0,4110134.214285714,2.0,2,1,0
ql/src/java/org/apache/hadoop/hive/ql/parse/SemanticAnalyzer.java,172,75,16,1,7,62,328852.73333333334,223080.18148148147,26.285714285714285,1,14,2
itests/util/src/main/java/org/apache/hadoop/hive/ql/security/authorization/plugin/sqlstd/SQLStdHiveAuthorizationValidatorForTest.java,10,6,2,1,2,11,1263267.0,6202533.736842105,1.5,1,1,1
ql/src/java/org/apache/hadoop/hive/ql/io/orc/RecordReaderImpl.java,42,22,3,1,3,21,1085092.5,1020795.0677966102,4.333333333333333,1,3,0
ql/src/test/org/apache/hadoop/hive/ql/io/orc/TestVectorizedORCReader.java,21,15,3,1,3,10,1085092.5,5179453.388888889,1.3333333333333333,1,3,0
storage-api/src/java/org/apache/hadoop/hive/ql/exec/vector/TimestampColumnVector.java,2,2,2,1,1,7,1803403.0,2724135.1785714286,4.0,4,1,1
storage-api/src/test/org/apache/hadoop/hive/ql/exec/vector/TestStructColumnVector.java,12,11,2,1,1,6,1803403.0,6236594.533333333,3.0,3,1,1
standalone-metastore/src/main/java/org/apache/hadoop/hive/metastore/tools/HiveSchemaHelper.java,13,6,4,0,2,4,1596928.6666666667,3126557.5714285714,2.0,1,3,1
common/src/java/org/apache/hadoop/hive/conf/HiveConf.java,68,45,28,1,10,75,158116.07407407407,122730.91666666667,27.2,1,22,6
llap-client/src/java/org/apache/hadoop/hive/llap/registry/LlapServiceInstance.java,1,1,1,0,1,1,0.0,0.0,1.0,1,1,0
llap-server/src/java/org/apache/hadoop/hive/llap/cli/LlapOptionsProcessor.java,23,27,1,0,1,10,0.0,2375872.1363636362,1.0,1,1,0
llap-server/src/java/org/apache/hadoop/hive/llap/cli/LlapServiceDriver.java,6,5,1,0,1,16,0.0,925118.3539823008,1.0,1,1,0
llap-server/src/java/org/apache/hadoop/hive/llap/cli/LlapSliderUtils.java,66,145,1,0,1,6,0.0,4349370.5,1.0,1,1,0
llap-server/src/java/org/apache/hadoop/hive/llap/cli/LlapStatusServiceDriver.java,79,274,1,0,1,8,0.0,1516899.7826086956,1.0,1,1,0
llap-server/src/java/org/apache/hadoop/hive/llap/daemon/impl/QueryInfo.java,1,1,1,0,1,8,0.0,2650896.756756757,1.0,1,1,0
ql/src/java/org/apache/hadoop/hive/ql/optimizer/calcite/rules/HiveFilterProjectTransposeRule.java,7,1,1,0,1,7,0.0,10909895.3,1.0,1,1,0
ql/src/java/org/apache/hadoop/hive/ql/optimizer/FixedBucketPruningOptimizer.java,18,2,1,0,1,9,0.0,6887954.416666667,1.0,1,1,0
ql/src/java/org/apache/hadoop/hive/ql/exec/vector/VectorMapOperator.java,2,3,1,0,1,11,0.0,2644870.11627907,1.0,1,1,0
ql/src/java/org/apache/hadoop/hive/ql/exec/vector/VectorizedRowBatchCtx.java,14,31,3,0,3,20,412276.5,1751590.9705882352,2.3333333333333335,1,3,0
ql/src/java/org/apache/hadoop/hive/ql/io/orc/VectorizedOrcAcidRowBatchReader.java,124,97,6,1,3,7,556736.0,2494925.217391304,3.3333333333333335,1,6,0
ql/src/java/org/apache/hadoop/hive/ql/metadata/Partition.java,12,1,1,0,1,16,0.0,3423989.375,1.0,1,1,0
ql/src/java/org/apache/hadoop/hive/ql/optimizer/SamplePruner.java,4,3,1,0,1,11,0.0,8122664.076923077,1.0,1,1,0
ql/src/java/org/apache/hadoop/hive/ql/exec/MaterializedViewTask.java,0,2,1,0,1,3,0.0,2815946.0,3.0,3,1,0
ql/src/java/org/apache/hadoop/hive/ql/metadata/Hive.java,214,96,6,1,4,53,485371.8,348391.6754385965,7.0,1,4,2
ql/src/java/org/apache/hadoop/hive/ql/parse/CalcitePlanner.java,69,77,3,0,2,36,1719293.0,354452.4239482201,49.0,3,3,0
standalone-metastore/src/gen/thrift/gen-cpp/ThriftHiveMetastore.cpp,2756,2364,3,0,3,10,1209078.5,761766.5294117647,3.6666666666666665,3,3,0
standalone-metastore/src/gen/thrift/gen-cpp/ThriftHiveMetastore.h,185,37,3,0,3,8,1209078.5,1079169.25,3.6666666666666665,3,3,0
standalone-metastore/src/gen/thrift/gen-cpp/ThriftHiveMetastore_server.skeleton.cpp,7,2,3,0,3,8,1209078.5,1177275.5454545454,3.3333333333333335,2,3,0
standalone-metastore/src/gen/thrift/gen-cpp/hive_metastore_types.cpp,3831,3773,3,0,3,12,1209078.5,644394.1627906977,3.3333333333333335,1,3,0
standalone-metastore/src/gen/thrift/gen-cpp/hive_metastore_types.h,74,35,3,0,3,12,1209078.5,616668.1428571428,3.0,1,3,0
standalone-metastore/src/gen/thrift/gen-javabean/org/apache/hadoop/hive/metastore/api/CreationMetadata.java,107,4,1,0,1,5,0.0,1459617.0,2.0,2,1,0
standalone-metastore/src/gen/thrift/gen-javabean/org/apache/hadoop/hive/metastore/api/FindSchemasByColsResp.java,18,18,1,0,1,4,0.0,1523350.0,1.0,1,1,0
standalone-metastore/src/gen/thrift/gen-javabean/org/apache/hadoop/hive/metastore/api/Materialization.java,23,386,1,0,1,5,0.0,1436814.1666666667,5.0,5,1,0
standalone-metastore/src/gen/thrift/gen-javabean/org/apache/hadoop/hive/metastore/api/SchemaVersion.java,18,18,1,0,1,4,0.0,1523350.0,1.0,1,1,0
standalone-metastore/src/gen/thrift/gen-javabean/org/apache/hadoop/hive/metastore/api/ThriftHiveMetastore.java,2919,1819,3,0,3,9,1209078.5,893105.5862068966,3.6666666666666665,3,3,0
standalone-metastore/src/gen/thrift/gen-javabean/org/apache/hadoop/hive/metastore/api/WMFullResourcePlan.java,72,72,1,0,1,6,0.0,1821972.0909090908,3.0,3,1,0
standalone-metastore/src/gen/thrift/gen-javabean/org/apache/hadoop/hive/metastore/api/WMGetAllResourcePlanResponse.java,18,18,1,0,1,6,0.0,1790925.1666666667,3.0,3,1,0
standalone-metastore/src/gen/thrift/gen-javabean/org/apache/hadoop/hive/metastore/api/WMGetTriggersForResourePlanResponse.java,18,18,1,0,1,6,0.0,1474887.5714285714,3.0,3,1,0
standalone-metastore/src/gen/thrift/gen-javabean/org/apache/hadoop/hive/metastore/api/WMValidateResourcePlanResponse.java,32,32,1,0,1,6,0.0,1535078.7142857143,3.0,3,1,0
standalone-metastore/src/main/java/org/apache/hadoop/hive/metastore/HiveMetaStore.java,214,86,8,0,7,15,346694.14285714284,379528.0208333333,4.571428571428571,1,8,0
standalone-metastore/src/main/java/org/apache/hadoop/hive/metastore/HiveMetaStoreClient.java,18,8,5,0,4,12,604539.25,507110.8823529412,4.75,2,5,0
standalone-metastore/src/main/java/org/apache/hadoop/hive/metastore/IMetaStoreClient.java,18,2,3,0,3,7,1209078.5,718407.0833333334,3.3333333333333335,2,3,0
standalone-metastore/src/main/java/org/apache/hadoop/hive/metastore/MaterializationsCacheCleanerTask.java,0,63,1,0,1,1,0.0,13363618.0,2.0,2,1,0
standalone-metastore/src/main/java/org/apache/hadoop/hive/metastore/MaterializationsInvalidationCache.java,9,543,2,0,1,3,945726.0,1915752.2222222222,8.0,8,2,0
standalone-metastore/src/main/java/org/apache/hadoop/hive/metastore/MaterializationsRebuildLockCleanerTask.java,25,5,1,0,1,1,0.0,9113518.0,2.0,2,1,0
standalone-metastore/src/main/java/org/apache/hadoop/hive/metastore/ObjectStore.java,376,146,4,0,4,17,806052.3333333334,822105.7666666667,8.75,1,4,0
standalone-metastore/src/main/java/org/apache/hadoop/hive/metastore/model/MCreationMetadata.java,13,3,1,0,1,2,0.0,6568276.5,2.0,2,1,0
standalone-metastore/src/main/java/org/apache/hadoop/hive/metastore/txn/TxnDbUtil.java,12,3,2,0,2,4,1006774.0,2266589.0,3.5,2,1,1
standalone-metastore/src/main/java/org/apache/hadoop/hive/metastore/txn/TxnHandler.java,518,174,6,0,3,5,484606.6,2242106.6363636362,6.333333333333333,5,5,1
standalone-metastore/src/main/java/org/apache/hadoop/hive/metastore/txn/TxnStore.java,37,12,3,0,2,3,1211516.5,2155221.25,3.0,2,3,0
standalone-metastore/src/test/java/org/apache/hadoop/hive/metastore/HiveMetaStoreClientPreCatalog.java,10,7,3,0,3,6,1209078.5,759459.8333333334,2.0,2,3,0
standalone-metastore/src/test/java/org/apache/hadoop/hive/metastore/TestMetaStoreMaterializationsCacheCleaner.java,0,328,1,0,1,2,0.0,3340904.5,4.0,4,1,0
standalone-metastore/src/test/java/org/apache/hadoop/hive/metastore/client/TestTablesCreateDropAlterTruncate.java,4,3,3,0,3,6,863090.0,1459617.0,1.3333333333333333,1,3,0
itests/hive-unit/src/test/java/org/apache/hive/jdbc/TestJdbcGenericUDTFGetSplits.java,377,187,4,0,1,1,471577.3333333333,471577.3333333333,4.0,4,4,0
ql/src/java/org/apache/hadoop/hive/ql/exec/tez/HiveSplitGenerator.java,90,49,4,0,1,15,471577.3333333333,2778004.1666666665,7.0,7,4,0
ql/src/java/org/apache/hadoop/hive/ql/parse/TypeCheckProcFactory.java,5,2,2,0,2,22,462023.0,1440322.8148148148,10.0,9,1,1
ql/src/java/org/apache/hadoop/hive/ql/hooks/HiveProtoLoggingHook.java,30,8,2,1,1,2,363466.0,2200242.5,2.0,2,2,0
ql/src/test/org/apache/hadoop/hive/ql/hooks/TestHiveProtoLoggingHook.java,24,7,2,1,1,2,363466.0,2200242.5,2.0,2,2,0
ql/src/java/org/apache/hadoop/hive/ql/parse/DDLSemanticAnalyzer.java,2,2,2,0,2,43,2834025.0,627129.3548387097,14.0,4,1,1
ql/src/java/org/apache/hadoop/hive/ql/exec/FileSinkOperator.java,54,30,2,0,2,25,3536984.0,857668.5220588235,3.5,1,2,0
ql/src/test/org/apache/hadoop/hive/ql/TestTxnNoBuckets.java,92,37,4,0,3,9,855600.0,1093301.125,5.666666666666667,1,4,0
ql/src/java/org/apache/hadoop/hive/ql/parse/MaskAndFilterInfo.java,3,1,1,0,1,4,0.0,9976707.0,1.0,1,1,0
ql/src/java/org/apache/hadoop/hive/ql/parse/TableMask.java,1,1,1,0,1,8,0.0,3400106.285714286,1.0,1,1,0
ql/src/java/org/apache/hadoop/hive/ql/exec/DDLTask.java,56,29,5,1,3,57,717939.25,357352.82282282284,13.0,1,5,0
ql/src/java/org/apache/hadoop/hive/ql/util/HiveStrictManagedMigration.java,934,1,3,0,1,1,835521.5,835521.5,3.0,3,3,0
standalone-metastore/src/main/java/org/apache/hadoop/hive/metastore/TransactionalValidationListener.java,93,48,9,0,5,6,358785.5,1755700.2142857143,2.8,1,7,2
{ql/src/java/org/apache/hadoop/hive/ql/util => standalone-metastore/src/main/java/org/apache/hadoop/hive/metastore/utils}/HiveStrictManagedUtils.java,20,35,1,0,1,1,0.0,0.0,1.0,1,1,0
ql/src/java/org/apache/hadoop/hive/ql/optimizer/ConvertJoinMapJoin.java,86,10,3,0,3,22,595624.5,1178155.92,6.666666666666667,2,2,1
hcatalog/streaming/src/java/org/apache/hive/hcatalog/streaming/HiveEndPoint.java,66,76,1,0,1,16,0.0,2378891.1224489794,19.0,19,1,0
hcatalog/streaming/src/test/org/apache/hive/hcatalog/streaming/TestStreaming.java,12,2,2,0,2,17,671599.0,1456547.3974358975,18.5,5,2,0
itests/hive-unit/src/test/java/org/apache/hadoop/hive/metastore/TestTransactionalValidationListener.java,381,127,4,0,2,2,15690.0,15690.0,2.0,2,3,1
standalone-metastore/src/test/java/org/apache/hadoop/hive/metastore/client/MetaStoreClientTest.java,4,4,4,0,2,3,15690.0,2492840.25,2.0,2,3,1
accumulo-handler/src/test/org/apache/hadoop/hive/accumulo/mr/TestHiveAccumuloTypes.java,14,13,2,0,1,2,338216.0,22694842.0,2.0,2,1,1
beeline/src/java/org/apache/hive/beeline/BeeLine.java,38,16,3,0,3,40,458677.5,863627.2910447761,1.6666666666666667,1,0,3
ql/src/java/org/apache/hadoop/hive/ql/exec/MoveTask.java,2,1,1,0,1,31,0.0,997679.56302521,1.0,1,1,0
ql/src/test/org/apache/hadoop/hive/ql/metadata/TestHiveCopyFiles.java,6,6,1,0,1,7,0.0,7025808.571428572,1.0,1,1,0
accumulo-handler/src/test/org/apache/hadoop/hive/accumulo/predicate/TestAccumuloRangeGenerator.java,1,1,1,0,1,3,0.0,9200933.5,1.0,1,1,0
common/src/java/org/apache/hadoop/hive/common/type/Date.java,181,0,1,0,1,1,0.0,0.0,1.0,1,1,0
common/src/java/org/apache/hadoop/hive/common/type/Timestamp.java,235,0,1,0,1,1,0.0,0.0,1.0,1,1,0
common/src/java/org/apache/hadoop/hive/common/type/TimestampTZUtil.java,7,9,1,0,1,4,0.0,6500611.5,2.0,2,1,0
common/src/java/org/apache/hadoop/hive/common/type/TimestampUtils.java,171,0,1,0,1,1,0.0,0.0,1.0,1,1,0
common/src/java/org/apache/hive/common/util/DateParser.java,11,13,1,0,1,5,0.0,5378380.666666667,4.0,4,1,0
common/src/java/org/apache/hive/common/util/DateUtils.java,2,0,1,0,1,12,0.0,3995699.846153846,1.0,1,1,0
common/src/java/org/apache/hive/common/util/TimestampParser.java,14,22,1,0,1,5,0.0,26557752.25,1.0,1,1,0
common/src/test/org/apache/hadoop/hive/common/type/TestHiveDecimalOrcSerializationUtils.java,0,8,1,0,1,5,0.0,7853700.333333333,1.0,1,1,0
common/src/test/org/apache/hadoop/hive/common/type/TestTimestampTZ.java,0,1,1,0,1,5,0.0,5838752.166666667,2.0,2,1,0
common/src/test/org/apache/hive/common/util/TestDateParser.java,3,4,1,0,1,4,0.0,6454056.8,4.0,4,1,0
common/src/test/org/apache/hive/common/util/TestTimestampParser.java,15,12,1,0,1,4,0.0,35410336.333333336,1.0,1,1,0
druid-handler/src/java/org/apache/hadoop/hive/druid/serde/DruidSerDe.java,210,204,3,0,3,7,906064.0,1044906.8571428572,15.0,3,3,0
druid-handler/src/test/org/apache/hadoop/hive/druid/serde/TestDruidSerDe.java,24,26,2,0,2,4,622470.0,4489120.8,2.0,1,2,0
hbase-handler/src/java/org/apache/hadoop/hive/hbase/HBaseRowSerializer.java,1,1,1,0,1,7,0.0,16178451.0,1.0,1,1,0
hbase-handler/src/java/org/apache/hadoop/hive/hbase/HiveHBaseInputFormatUtil.java,1,2,1,0,1,10,0.0,11324915.7,1.0,1,1,0
hbase-handler/src/java/org/apache/hadoop/hive/hbase/LazyHBaseRow.java,3,1,1,0,1,7,0.0,14525515.625,1.0,1,1,0
hcatalog/core/src/main/java/org/apache/hive/hcatalog/data/DataType.java,2,2,1,0,1,2,0.0,13121561.0,1.0,1,1,0
hcatalog/core/src/main/java/org/apache/hive/hcatalog/data/HCatRecord.java,2,2,1,0,1,4,0.0,7941378.333333333,1.0,1,1,0
hcatalog/core/src/main/java/org/apache/hive/hcatalog/data/JsonSerDe.java,2,2,1,0,1,11,0.0,5901722.722222222,2.0,2,1,0
hcatalog/core/src/main/java/org/apache/hive/hcatalog/data/ReaderWriter.java,8,7,1,0,1,3,0.0,6560780.5,1.0,1,1,0
hcatalog/core/src/test/java/org/apache/hive/hcatalog/data/TestDefaultHCatRecord.java,4,4,1,0,1,2,0.0,13121561.0,1.0,1,1,0
hcatalog/core/src/test/java/org/apache/hive/hcatalog/data/TestJsonSerDe.java,3,3,1,0,1,8,0.0,9657364.454545455,2.0,2,1,0
hcatalog/hcatalog-pig-adapter/src/main/java/org/apache/hive/hcatalog/pig/HCatBaseStorer.java,4,4,1,0,1,3,0.0,6560780.5,1.0,1,1,0
hcatalog/hcatalog-pig-adapter/src/main/java/org/apache/hive/hcatalog/pig/HCatLoader.java,1,0,1,0,1,12,0.0,6874619.285714285,1.0,1,1,0
hcatalog/hcatalog-pig-adapter/src/main/java/org/apache/hive/hcatalog/pig/PigHCatUtil.java,5,4,1,0,1,7,0.0,12583239.666666666,1.0,1,1,0
hcatalog/hcatalog-pig-adapter/src/test/java/org/apache/hive/hcatalog/pig/AbstractHCatLoaderTest.java,14,6,1,0,1,5,0.0,7773627.166666667,1.0,1,1,0
hcatalog/hcatalog-pig-adapter/src/test/java/org/apache/hive/hcatalog/pig/AbstractHCatStorerTest.java,5,11,1,0,1,7,0.0,5865226.0,1.0,1,1,0
itests/hive-jmh/src/main/java/org/apache/hive/benchmark/vectorization/ColumnVectorGenUtil.java,6,5,1,0,1,2,0.0,9093986.0,1.0,1,1,0
itests/hive-unit/src/test/java/org/apache/hive/jdbc/BaseJdbcWithMiniLlap.java,15,2,2,0,2,2,3603380.0,3603380.0,1.0,1,1,1
itests/hive-unit/src/test/java/org/apache/hive/jdbc/TestJdbcWithMiniLlapArrow.java,233,3,3,0,3,3,1291033.5,1291033.5,1.0,1,3,0
llap-common/src/test/org/apache/hadoop/hive/llap/io/TestChunkedInputStream.java,1,3,1,0,1,4,0.0,6998769.8,1.0,1,1,0
llap-server/src/java/org/apache/hadoop/hive/llap/io/decode/GenericColumnVectorProducer.java,7,4,2,0,2,6,344295.0,2795012.5,1.5,1,2,0
llap-server/src/java/org/apache/hadoop/hive/llap/io/decode/OrcEncodedDataConsumer.java,29,17,3,0,2,10,1510460.5,1323984.5189873418,8.0,2,2,1
ql/src/java/org/apache/hadoop/hive/ql/exec/ColumnStatsUpdateTask.java,2,2,1,0,1,18,0.0,3643414.1071428573,2.0,2,1,0
ql/src/java/org/apache/hadoop/hive/ql/exec/FunctionRegistry.java,8,7,2,0,2,36,1896901.0,717309.413580247,8.5,2,2,0
ql/src/java/org/apache/hadoop/hive/ql/exec/vector/TimestampUtils.java,23,6,1,0,1,8,0.0,12583239.666666666,1.0,1,1,0
ql/src/java/org/apache/hadoop/hive/ql/exec/vector/VectorAssignRow.java,12,12,1,0,1,12,0.0,4369342.608695652,1.0,1,1,0
ql/src/java/org/apache/hadoop/hive/ql/exec/vector/VectorBatchDebug.java,3,4,1,0,1,3,0.0,9513863.0,1.0,1,1,0
ql/src/java/org/apache/hadoop/hive/ql/exec/vector/VectorColumnAssignFactory.java,9,10,1,0,1,12,0.0,6978158.647058823,1.0,1,1,0
ql/src/java/org/apache/hadoop/hive/ql/exec/vector/VectorDeserializeRow.java,7,7,1,0,1,15,0.0,2233219.5555555555,1.0,1,1,0
ql/src/java/org/apache/hadoop/hive/ql/exec/vector/VectorExtractRow.java,9,6,1,0,1,12,0.0,2576791.794871795,1.0,1,1,0
ql/src/java/org/apache/hadoop/hive/ql/exec/vector/VectorHashKeyWrapper.java,2,3,1,0,1,12,0.0,4469389.423076923,1.0,1,1,0
ql/src/java/org/apache/hadoop/hive/ql/exec/vector/VectorSerializeRow.java,5,1,1,0,1,11,0.0,4187286.6666666665,1.0,1,1,0
ql/src/java/org/apache/hadoop/hive/ql/exec/vector/VectorizationContext.java,78,53,6,0,4,27,463925.6,614836.6402116402,23.75,1,6,0
ql/src/java/org/apache/hadoop/hive/ql/exec/vector/VectorizedBatchUtil.java,23,30,4,0,3,18,773209.3333333334,2311207.285714286,5.666666666666667,1,4,0
ql/src/java/org/apache/hadoop/hive/ql/exec/vector/expressions/CastDateToString.java,10,3,1,0,1,3,0.0,10104168.0,1.0,1,1,0
ql/src/java/org/apache/hadoop/hive/ql/exec/vector/expressions/CastDateToTimestamp.java,2,2,1,0,1,5,0.0,4934375.5,1.0,1,1,0
ql/src/java/org/apache/hadoop/hive/ql/exec/vector/expressions/CastLongToDate.java,0,1,1,0,1,5,0.0,4380728.352941177,1.0,1,1,0
ql/src/java/org/apache/hadoop/hive/ql/exec/vector/expressions/CastLongToTimestamp.java,0,2,1,0,1,8,0.0,3385108.272727273,1.0,1,1,0
ql/src/java/org/apache/hadoop/hive/ql/exec/vector/expressions/CastMillisecondsLongToTimestamp.java,0,2,1,0,1,8,0.0,3385108.272727273,1.0,1,1,0
ql/src/java/org/apache/hadoop/hive/ql/exec/vector/expressions/CastStringToDate.java,5,5,1,0,1,7,0.0,2806111.652173913,1.0,1,1,0
ql/src/java/org/apache/hadoop/hive/ql/exec/vector/expressions/CastTimestampToChar.java,54,0,1,0,1,1,0.0,0.0,1.0,1,1,0
ql/src/java/org/apache/hadoop/hive/ql/exec/vector/expressions/CastTimestampToDate.java,2,2,1,0,1,5,0.0,12412063.666666666,1.0,1,1,0
ql/src/java/org/apache/hadoop/hive/ql/exec/vector/expressions/CastTimestampToDecimal.java,5,2,1,0,1,6,0.0,16178451.0,1.0,1,1,0
ql/src/java/org/apache/hadoop/hive/ql/exec/vector/expressions/CastTimestampToDouble.java,0,2,1,0,1,7,0.0,3546303.904761905,1.0,1,1,0
ql/src/java/org/apache/hadoop/hive/ql/exec/vector/expressions/CastTimestampToString.java,68,0,1,0,1,1,0.0,0.0,1.0,1,1,0
ql/src/java/org/apache/hadoop/hive/ql/exec/vector/expressions/CastTimestampToVarChar.java,55,0,1,0,1,1,0.0,0.0,1.0,1,1,0
ql/src/java/org/apache/hadoop/hive/ql/exec/vector/expressions/ConstantVectorExpression.java,2,1,1,0,1,10,0.0,4044612.75,1.0,1,1,0
ql/src/java/org/apache/hadoop/hive/ql/exec/vector/expressions/DateColSubtractDateColumn.java,13,16,1,0,1,7,0.0,3546303.904761905,1.0,1,1,0
ql/src/java/org/apache/hadoop/hive/ql/exec/vector/expressions/DateColSubtractDateScalar.java,10,12,1,0,1,7,0.0,3546303.904761905,1.0,1,1,0
ql/src/java/org/apache/hadoop/hive/ql/exec/vector/expressions/DateScalarSubtractDateColumn.java,8,10,1,0,1,7,0.0,3546303.904761905,1.0,1,1,0
ql/src/java/org/apache/hadoop/hive/ql/exec/vector/expressions/DecimalColumnInList.java,0,1,1,0,1,5,0.0,5147688.954545454,1.0,1,1,0
ql/src/java/org/apache/hadoop/hive/ql/exec/vector/expressions/DynamicValueVectorExpression.java,3,3,1,0,1,5,0.0,6250878.285714285,1.0,1,1,0
ql/src/java/org/apache/hadoop/hive/ql/exec/vector/expressions/TimestampToStringUnaryUDF.java,1,1,1,0,1,5,0.0,4137354.5555555555,1.0,1,1,0
ql/src/java/org/apache/hadoop/hive/ql/exec/vector/expressions/VectorExpressionWriter.java,2,2,1,0,1,6,0.0,18874859.5,1.0,1,1,0
ql/src/java/org/apache/hadoop/hive/ql/exec/vector/expressions/VectorExpressionWriterFactory.java,44,37,2,0,2,13,1459629.0,5533529.761904762,3.5,1,2,0
ql/src/java/org/apache/hadoop/hive/ql/exec/vector/expressions/VectorUDFDateAddColCol.java,135,10,2,0,2,7,1596338.0,2659727.9285714286,8.5,1,2,0
ql/src/java/org/apache/hadoop/hive/ql/exec/vector/expressions/VectorUDFDateAddColScalar.java,5,6,1,0,1,7,0.0,2872139.964285714,1.0,1,1,0
ql/src/java/org/apache/hadoop/hive/ql/exec/vector/expressions/VectorUDFDateAddScalarCol.java,25,10,2,0,2,7,1596338.0,2680663.966666667,9.5,1,2,0
ql/src/java/org/apache/hadoop/hive/ql/exec/vector/expressions/VectorUDFDateDiffColCol.java,72,35,2,0,2,8,1493036.0,3385108.272727273,1.0,1,2,0
ql/src/java/org/apache/hadoop/hive/ql/exec/vector/expressions/VectorUDFDateDiffColScalar.java,5,7,1,0,1,7,0.0,3093073.8076923075,1.0,1,1,0
ql/src/java/org/apache/hadoop/hive/ql/exec/vector/expressions/VectorUDFDateDiffScalarCol.java,5,5,1,0,1,7,0.0,3093073.8076923075,1.0,1,1,0
ql/src/java/org/apache/hadoop/hive/ql/exec/vector/expressions/VectorUDFDateLong.java,0,8,1,0,1,5,0.0,8274709.111111111,1.0,1,1,0
ql/src/java/org/apache/hadoop/hive/ql/exec/vector/expressions/VectorUDFDateString.java,0,11,1,0,1,7,0.0,7588303.090909091,1.0,1,1,0
ql/src/java/org/apache/hadoop/hive/ql/exec/vector/expressions/VectorUDFDateTimestamp.java,0,9,1,0,1,5,0.0,6206031.833333333,1.0,1,1,0
ql/src/java/org/apache/hadoop/hive/ql/exec/vector/expressions/VectorUDFDayOfWeekString.java,3,1,1,0,1,4,0.0,9034515.833333334,4.0,4,1,0
ql/src/java/org/apache/hadoop/hive/ql/exec/vector/expressions/VectorUDFTimestampFieldDate.java,5,3,1,0,1,5,0.0,4137354.5555555555,1.0,1,1,0
ql/src/java/org/apache/hadoop/hive/ql/exec/vector/expressions/VectorUDFTimestampFieldString.java,3,1,1,0,1,5,0.0,4467773.277777778,1.0,1,1,0
ql/src/java/org/apache/hadoop/hive/ql/exec/vector/expressions/VectorUDFTimestampFieldTimestamp.java,3,1,1,0,1,5,0.0,4137354.5555555555,1.0,1,1,0
ql/src/java/org/apache/hadoop/hive/ql/exec/vector/expressions/VectorUDFUnixTimeStampDate.java,3,3,1,0,1,5,0.0,14063610.6,1.0,1,1,0
ql/src/java/org/apache/hadoop/hive/ql/exec/vector/expressions/VectorUDFUnixTimeStampString.java,10,2,1,0,1,3,0.0,10104168.0,1.0,1,1,0
ql/src/java/org/apache/hadoop/hive/ql/exec/vector/udf/VectorUDFAdaptor.java,8,20,2,0,2,9,344295.0,3330857.5588235296,1.5,1,2,0
ql/src/java/org/apache/hadoop/hive/ql/io/BatchToRowReader.java,24,18,2,0,2,4,344295.0,10478981.333333334,1.5,1,2,0
ql/src/java/org/apache/hadoop/hive/ql/io/orc/OrcFile.java,16,2,2,0,2,15,2254.0,2420993.8163265307,5.0,1,2,0
ql/src/java/org/apache/hadoop/hive/ql/io/orc/WriterImpl.java,26,12,2,0,2,19,344295.0,1913366.0806451612,3.0,1,2,0
ql/src/java/org/apache/hadoop/hive/ql/io/parquet/convert/ETypeConverter.java,223,281,2,0,2,15,3016058.0,3873470.8333333335,1.0,1,1,1
ql/src/java/org/apache/hadoop/hive/ql/io/parquet/serde/primitive/ParquetStringInspector.java,4,4,1,0,1,3,0.0,6560780.5,1.0,1,1,0
ql/src/java/org/apache/hadoop/hive/ql/io/parquet/timestamp/NanoTimeUtils.java,4,4,1,0,1,11,0.0,4085808.0384615385,1.0,1,1,0
ql/src/java/org/apache/hadoop/hive/ql/io/parquet/vector/ParquetDataColumnReader.java,7,5,3,0,2,3,1508029.0,2714180.75,1.5,1,2,1
ql/src/java/org/apache/hadoop/hive/ql/io/parquet/vector/ParquetDataColumnReaderFactory.java,189,11,3,0,2,3,1508029.0,2171344.6,1.5,1,2,1
ql/src/java/org/apache/hadoop/hive/ql/io/parquet/vector/VectorizedPrimitiveColumnReader.java,83,21,2,0,2,9,3016058.0,2410342.1,1.0,1,1,1
ql/src/java/org/apache/hadoop/hive/ql/io/parquet/write/DataWritableWriter.java,6,6,1,0,1,16,0.0,3633484.7666666666,1.0,1,1,0
ql/src/java/org/apache/hadoop/hive/ql/metadata/formatting/MetaDataFormatUtils.java,2,2,1,0,1,16,0.0,2509557.25,5.0,5,1,0
ql/src/java/org/apache/hadoop/hive/ql/optimizer/StatsOptimizer.java,27,25,3,0,3,19,1082621.0,2372573.94,3.0,1,3,0
ql/src/java/org/apache/hadoop/hive/ql/optimizer/calcite/translator/ExprNodeConverter.java,2,2,1,0,1,16,0.0,2387079.909090909,13.0,13,1,0
ql/src/java/org/apache/hadoop/hive/ql/optimizer/calcite/translator/RexNodeConverter.java,49,29,2,0,2,20,2331910.0,2001429.4423076923,6.5,1,2,0
ql/src/java/org/apache/hadoop/hive/ql/parse/BaseSemanticAnalyzer.java,11,9,1,0,1,27,0.0,1198269.6666666667,10.0,10,1,0
ql/src/java/org/apache/hadoop/hive/ql/stats/ColumnStatisticsObjTranslator.java,3,3,1,0,1,3,0.0,6560780.5,1.0,1,1,0
ql/src/java/org/apache/hadoop/hive/ql/udf/UDFDateFloor.java,8,11,1,0,1,3,0.0,5851478.4,8.0,8,1,0
ql/src/java/org/apache/hadoop/hive/ql/udf/UDFDayOfMonth.java,77,59,1,0,1,7,0.0,9770416.272727273,1.0,1,1,0
ql/src/java/org/apache/hadoop/hive/ql/udf/UDFDayOfWeek.java,10,19,1,0,1,3,0.0,10841419.0,4.0,4,1,0
ql/src/java/org/apache/hadoop/hive/ql/udf/UDFFromUnixTime.java,2,0,1,0,1,2,0.0,13121561.0,1.0,1,1,0
ql/src/java/org/apache/hadoop/hive/ql/udf/UDFHour.java,78,54,1,0,1,7,0.0,16842927.5,1.0,1,1,0
ql/src/java/org/apache/hadoop/hive/ql/udf/UDFMinute.java,78,54,1,0,1,7,0.0,16842927.5,1.0,1,1,0
ql/src/java/org/apache/hadoop/hive/ql/udf/UDFMonth.java,78,57,1,0,1,8,0.0,8267275.307692308,1.0,1,1,0
ql/src/java/org/apache/hadoop/hive/ql/udf/UDFSecond.java,78,58,1,0,1,7,0.0,16842927.5,1.0,1,1,0
ql/src/java/org/apache/hadoop/hive/ql/udf/UDFToBoolean.java,10,10,4,0,3,8,773209.3333333334,3919599.052631579,3.6666666666666665,1,4,0
ql/src/java/org/apache/hadoop/hive/ql/udf/UDFToByte.java,15,10,4,0,3,8,773209.3333333334,4380728.352941177,3.3333333333333335,1,4,0
ql/src/java/org/apache/hadoop/hive/ql/udf/UDFToDouble.java,2,2,1,0,1,7,0.0,7447238.2,1.0,1,1,0
ql/src/java/org/apache/hadoop/hive/ql/udf/UDFToFloat.java,2,2,1,0,1,8,0.0,4964825.466666667,1.0,1,1,0
ql/src/java/org/apache/hadoop/hive/ql/udf/UDFToInteger.java,15,10,4,0,3,9,773209.3333333334,5392213.5,3.3333333333333335,1,4,0
ql/src/java/org/apache/hadoop/hive/ql/udf/UDFToLong.java,2,2,1,0,1,7,0.0,4654523.875,1.0,1,1,0
ql/src/java/org/apache/hadoop/hive/ql/udf/UDFToShort.java,15,11,4,0,3,8,773209.3333333334,3919599.052631579,3.3333333333333335,1,4,0
ql/src/java/org/apache/hadoop/hive/ql/udf/UDFToString.java,4,4,1,0,1,4,0.0,7006502.6,2.0,2,1,0
ql/src/java/org/apache/hadoop/hive/ql/udf/UDFWeekOfYear.java,17,15,1,0,1,5,0.0,11501168.142857144,1.0,1,1,0
ql/src/java/org/apache/hadoop/hive/ql/udf/UDFYear.java,77,58,1,0,1,8,0.0,8267275.307692308,1.0,1,1,0
ql/src/java/org/apache/hadoop/hive/ql/udf/generic/BaseMaskUDF.java,4,5,1,0,1,4,0.0,22765285.0,1.0,1,1,0
ql/src/java/org/apache/hadoop/hive/ql/udf/generic/GenericUDAFBloomFilter.java,4,5,1,0,1,9,0.0,1701139.576923077,1.0,1,1,0
ql/src/java/org/apache/hadoop/hive/ql/udf/generic/GenericUDAFComputeStats.java,8,8,1,0,1,14,0.0,3517779.1379310344,2.0,2,1,0
ql/src/java/org/apache/hadoop/hive/ql/udf/generic/GenericUDF.java,66,13,1,0,1,18,0.0,3000900.4571428574,2.0,2,1,0
ql/src/java/org/apache/hadoop/hive/ql/udf/generic/GenericUDFAddMonths.java,83,29,2,0,2,8,1667435.0,9770416.272727273,1.0,1,2,0
ql/src/java/org/apache/hadoop/hive/ql/udf/generic/GenericUDFCurrentDate.java,7,8,1,0,1,6,0.0,21246201.8,1.0,1,1,0
ql/src/java/org/apache/hadoop/hive/ql/udf/generic/GenericUDFCurrentTimestamp.java,9,6,1,0,1,6,0.0,21246201.8,1.0,1,1,0
ql/src/java/org/apache/hadoop/hive/ql/udf/generic/GenericUDFDate.java,9,10,1,0,1,9,0.0,7002101.066666666,2.0,2,1,0
ql/src/java/org/apache/hadoop/hive/ql/udf/generic/GenericUDFDateAdd.java,10,11,1,0,1,7,0.0,9770416.272727273,1.0,1,1,0
ql/src/java/org/apache/hadoop/hive/ql/udf/generic/GenericUDFDateDiff.java,16,15,1,0,1,7,0.0,11941619.888888888,1.0,1,1,0
ql/src/java/org/apache/hadoop/hive/ql/udf/generic/GenericUDFDateFormat.java,15,9,1,0,1,4,0.0,24639033.75,1.0,1,1,0
ql/src/java/org/apache/hadoop/hive/ql/udf/generic/GenericUDFDateSub.java,4,25,2,0,2,8,944543.0,8956214.916666666,1.0,1,2,0
ql/src/java/org/apache/hadoop/hive/ql/udf/generic/GenericUDFFromUtcTimestamp.java,10,37,1,0,1,9,0.0,11620412.5,1.0,1,1,0
ql/src/java/org/apache/hadoop/hive/ql/udf/generic/GenericUDFInBloomFilter.java,4,5,1,0,1,6,0.0,4422962.9,1.0,1,1,0
ql/src/java/org/apache/hadoop/hive/ql/udf/generic/GenericUDFLastDay.java,10,14,1,0,1,6,0.0,11941619.888888888,1.0,1,1,0
ql/src/java/org/apache/hadoop/hive/ql/udf/generic/GenericUDFMask.java,5,5,1,0,1,4,0.0,9756550.714285715,1.0,1,1,0
ql/src/java/org/apache/hadoop/hive/ql/udf/generic/GenericUDFMaskHash.java,1,2,1,0,1,6,0.0,13659171.0,1.0,1,1,0
ql/src/java/org/apache/hadoop/hive/ql/udf/generic/GenericUDFMonthsBetween.java,17,12,1,0,1,6,0.0,12632195.625,1.0,1,1,0
ql/src/java/org/apache/hadoop/hive/ql/udf/generic/GenericUDFNextDay.java,16,15,1,0,1,5,0.0,13128939.5,1.0,1,1,0
ql/src/java/org/apache/hadoop/hive/ql/udf/generic/GenericUDFOPDTIMinus.java,8,8,1,0,1,5,0.0,25503898.75,1.0,1,1,0
ql/src/java/org/apache/hadoop/hive/ql/udf/generic/GenericUDFOPDTIPlus.java,8,8,1,0,1,5,0.0,25503898.75,1.0,1,1,0
ql/src/java/org/apache/hadoop/hive/ql/udf/generic/GenericUDFQuarter.java,2,6,1,0,1,5,0.0,16452078.166666666,1.0,1,1,0
ql/src/java/org/apache/hadoop/hive/ql/udf/generic/GenericUDFReflect2.java,3,3,1,0,1,2,0.0,13121561.0,1.0,1,1,0
ql/src/java/org/apache/hadoop/hive/ql/udf/generic/GenericUDFTimestamp.java,1,1,1,0,1,10,0.0,11620412.5,1.0,1,1,0
ql/src/java/org/apache/hadoop/hive/ql/udf/generic/GenericUDFToUnixTimeStamp.java,5,5,1,0,1,7,0.0,12027782.75,1.0,1,1,0
ql/src/java/org/apache/hadoop/hive/ql/udf/generic/GenericUDFTrunc.java,27,32,1,0,1,12,0.0,5477596.368421053,1.0,1,1,0
ql/src/java/org/apache/hadoop/hive/ql/udf/generic/GenericUDFUnixTimeStamp.java,2,1,1,0,1,9,0.0,9622226.2,1.0,1,1,0
ql/src/java/org/apache/hadoop/hive/ql/udf/ptf/ValueBoundaryScanner.java,5,6,1,0,1,4,0.0,9172677.0,2.0,2,1,0
ql/src/java/org/apache/hadoop/hive/ql/util/DateTimeMath.java,255,49,1,0,1,8,0.0,12751949.375,1.0,1,1,0
ql/src/test/org/apache/hadoop/hive/ql/exec/TestFunctionRegistry.java,7,9,1,0,1,9,0.0,4648165.0,3.0,3,1,0
ql/src/test/org/apache/hadoop/hive/ql/exec/TestUtilities.java,2,3,1,0,1,20,0.0,1970352.375,1.0,1,1,0
ql/src/test/org/apache/hadoop/hive/ql/exec/persistence/TestRowContainer.java,3,3,1,0,1,3,0.0,9008884.666666666,1.0,1,1,0
ql/src/test/org/apache/hadoop/hive/ql/exec/vector/TestTimestampWritableAndColumnVector.java,2,2,1,0,1,6,0.0,14063610.6,1.0,1,1,0
ql/src/test/org/apache/hadoop/hive/ql/exec/vector/TestVectorGroupByOperator.java,6,6,1,0,1,13,0.0,2905103.125,1.0,1,1,0
ql/src/test/org/apache/hadoop/hive/ql/exec/vector/TestVectorizationContext.java,1,1,1,0,1,17,0.0,3145809.9166666665,1.0,1,1,0
ql/src/test/org/apache/hadoop/hive/ql/exec/vector/VectorRandomRowSource.java,455,108,6,1,3,7,463925.6,3043987.6315789474,5.0,1,6,0
ql/src/test/org/apache/hadoop/hive/ql/exec/vector/VectorVerifyFast.java,10,10,1,0,1,4,0.0,11456771.333333334,1.0,1,1,0
ql/src/test/org/apache/hadoop/hive/ql/exec/vector/expressions/TestVectorDateExpressions.java,33,25,1,0,1,6,0.0,6384212.461538462,1.0,1,1,0
ql/src/test/org/apache/hadoop/hive/ql/exec/vector/expressions/TestVectorExpressionWriters.java,175,7,2,0,2,6,1459629.0,16178451.0,2.0,1,2,0
ql/src/test/org/apache/hadoop/hive/ql/exec/vector/expressions/TestVectorGenericDateExpressions.java,12,5,1,0,1,6,0.0,5728644.769230769,1.0,1,1,0
ql/src/test/org/apache/hadoop/hive/ql/exec/vector/expressions/TestVectorMathFunctions.java,5,5,1,0,1,9,0.0,6770216.545454546,1.0,1,1,0
ql/src/test/org/apache/hadoop/hive/ql/exec/vector/expressions/TestVectorTimestampExpressions.java,59,37,1,0,1,6,0.0,11488559.857142856,1.0,1,1,0
ql/src/test/org/apache/hadoop/hive/ql/exec/vector/expressions/TestVectorTimestampExtract.java,558,115,3,1,2,2,798169.0,798169.0,1.5,1,3,0
ql/src/test/org/apache/hadoop/hive/ql/exec/vector/expressions/TestVectorTypeCasts.java,18,17,4,0,3,14,773209.3333333334,4923876.391304348,3.6666666666666665,1,4,0
ql/src/test/org/apache/hadoop/hive/ql/exec/vector/mapjoin/fast/VerifyFastRow.java,10,11,1,0,1,6,0.0,4131126.0714285714,1.0,1,1,0
ql/src/test/org/apache/hadoop/hive/ql/exec/vector/util/VectorizedRowGroupGenUtil.java,3,3,1,0,1,6,0.0,11324915.7,1.0,1,1,0
ql/src/test/org/apache/hadoop/hive/ql/exec/vector/util/batchgen/VectorColumnGroupGenerator.java,2,4,1,0,1,3,0.0,9513863.0,1.0,1,1,0
ql/src/test/org/apache/hadoop/hive/ql/io/arrow/TestArrowColumnarBatchSerDe.java,968,181,6,0,4,4,705832.0,705832.0,1.5,1,6,0
ql/src/test/org/apache/hadoop/hive/ql/io/orc/TestInputOutputFormat.java,154,11,4,0,2,25,767807.3333333334,885283.0447761194,16.0,2,4,0
ql/src/test/org/apache/hadoop/hive/ql/io/orc/TestOrcFile.java,28,28,3,0,1,16,1064003.0,2278512.254901961,3.0,3,2,1
ql/src/test/org/apache/hadoop/hive/ql/io/orc/TestOrcSerDeStats.java,21,21,2,0,1,7,2128006.0,10747457.9,2.0,2,2,0
ql/src/test/org/apache/hadoop/hive/ql/io/parquet/VectorizedColumnReaderTestBase.java,17,6,1,0,1,8,0.0,2212817.1428571427,1.0,1,1,0
ql/src/test/org/apache/hadoop/hive/ql/io/parquet/serde/TestParquetTimestampUtils.java,18,24,1,0,1,8,0.0,14156144.625,1.0,1,1,0
ql/src/test/org/apache/hadoop/hive/ql/parse/TestSemanticAnalyzer.java,3,3,1,0,1,6,0.0,17705168.166666668,1.0,1,1,0
ql/src/test/org/apache/hadoop/hive/ql/udf/TestUDFDateFormatGranularity.java,19,20,1,0,1,3,0.0,5851478.4,8.0,8,1,0
ql/src/test/org/apache/hadoop/hive/ql/udf/generic/TestGenericUDFAddMonths.java,129,32,2,0,2,8,1667435.0,13434322.375,1.0,1,2,0
ql/src/test/org/apache/hadoop/hive/ql/udf/generic/TestGenericUDFDate.java,19,19,1,0,1,4,0.0,9695476.5,1.0,1,1,0
ql/src/test/org/apache/hadoop/hive/ql/udf/generic/TestGenericUDFDateAdd.java,21,21,1,0,1,4,0.0,9220081.142857144,1.0,1,1,0
ql/src/test/org/apache/hadoop/hive/ql/udf/generic/TestGenericUDFDateDiff.java,13,13,1,0,1,2,0.0,13121561.0,1.0,1,1,0
ql/src/test/org/apache/hadoop/hive/ql/udf/generic/TestGenericUDFDateFormat.java,18,26,1,0,1,5,0.0,19711227.0,1.0,1,1,0
ql/src/test/org/apache/hadoop/hive/ql/udf/generic/TestGenericUDFDateSub.java,21,21,1,0,1,4,0.0,9220081.142857144,1.0,1,1,0
ql/src/test/org/apache/hadoop/hive/ql/udf/generic/TestGenericUDFFromUtcTimestamp.java,1,6,1,0,1,3,0.0,25855000.0,1.0,1,1,0
ql/src/test/org/apache/hadoop/hive/ql/udf/generic/TestGenericUDFGreatest.java,5,6,1,0,1,5,0.0,26557752.25,1.0,1,1,0
ql/src/test/org/apache/hadoop/hive/ql/udf/generic/TestGenericUDFLastDay.java,25,38,1,0,1,8,0.0,11941619.888888888,1.0,1,1,0
ql/src/test/org/apache/hadoop/hive/ql/udf/generic/TestGenericUDFLeast.java,5,6,1,0,1,5,0.0,26557752.25,1.0,1,1,0
ql/src/test/org/apache/hadoop/hive/ql/udf/generic/TestGenericUDFMonthsBetween.java,17,24,1,0,1,7,0.0,11228618.333333334,1.0,1,1,0
ql/src/test/org/apache/hadoop/hive/ql/udf/generic/TestGenericUDFNextDay.java,13,19,1,0,1,6,0.0,11670168.444444444,1.0,1,1,0
ql/src/test/org/apache/hadoop/hive/ql/udf/generic/TestGenericUDFNullif.java,4,4,1,0,1,5,0.0,9389012.0,1.0,1,1,0
ql/src/test/org/apache/hadoop/hive/ql/udf/generic/TestGenericUDFOPMinus.java,16,17,1,0,1,7,0.0,12111615.888888888,3.0,3,1,0
ql/src/test/org/apache/hadoop/hive/ql/udf/generic/TestGenericUDFOPPlus.java,28,29,1,0,1,7,0.0,12111615.888888888,3.0,3,1,0
ql/src/test/org/apache/hadoop/hive/ql/udf/generic/TestGenericUDFQuarter.java,16,23,1,0,1,6,0.0,14101781.285714285,1.0,1,1,0
ql/src/test/org/apache/hadoop/hive/ql/udf/generic/TestGenericUDFSortArray.java,6,6,1,0,1,6,0.0,16085725.333333334,1.0,1,1,0
ql/src/test/org/apache/hadoop/hive/ql/udf/generic/TestGenericUDFToUnixTimestamp.java,12,13,1,0,1,2,0.0,13121561.0,1.0,1,1,0
ql/src/test/org/apache/hadoop/hive/ql/udf/generic/TestGenericUDFTrunc.java,85,86,1,0,1,7,0.0,11563814.555555556,1.0,1,1,0
ql/src/test/org/apache/hadoop/hive/ql/util/TestDateTimeMath.java,13,13,1,0,1,5,0.0,25503898.75,1.0,1,1,0
serde/src/java/org/apache/hadoop/hive/serde2/JsonSerDe.java,3,6,2,0,2,2,1037103.0,2119213.5,1.5,1,2,0
serde/src/java/org/apache/hadoop/hive/serde2/RandomTypeUtil.java,189,0,1,0,1,1,0.0,0.0,1.0,1,1,0
serde/src/java/org/apache/hadoop/hive/serde2/RegexSerDe.java,2,2,1,0,1,6,0.0,16178451.0,1.0,1,1,0
serde/src/java/org/apache/hadoop/hive/serde2/avro/AvroDeserializer.java,5,5,1,0,1,17,0.0,3748520.1612903224,1.0,1,1,0
serde/src/java/org/apache/hadoop/hive/serde2/avro/AvroSerializer.java,5,8,1,0,1,9,0.0,9683677.083333334,1.0,1,1,0
serde/src/java/org/apache/hadoop/hive/serde2/binarysortable/BinarySortableSerDe.java,9,9,1,0,1,13,0.0,4044612.75,3.0,3,1,0
serde/src/java/org/apache/hadoop/hive/serde2/binarysortable/fast/BinarySortableDeserializeRead.java,2,2,1,0,1,12,0.0,3241770.3225806453,1.0,1,1,0
serde/src/java/org/apache/hadoop/hive/serde2/binarysortable/fast/BinarySortableSerializeWrite.java,7,7,1,0,1,12,0.0,4785470.476190476,2.0,2,1,0
serde/src/java/org/apache/hadoop/hive/serde2/fast/DeserializeRead.java,6,6,1,0,1,10,0.0,4369342.608695652,1.0,1,1,0
serde/src/java/org/apache/hadoop/hive/serde2/fast/SerializeWrite.java,2,2,1,0,1,9,0.0,5289204.2105263155,1.0,1,1,0
serde/src/java/org/apache/hadoop/hive/serde2/io/DateWritableV2.java,154,0,1,0,1,1,0.0,0.0,1.0,1,1,0
serde/src/java/org/apache/hadoop/hive/serde2/io/TimestampLocalTZWritable.java,2,2,1,0,1,2,0.0,13121561.0,1.0,1,1,0
serde/src/java/org/apache/hadoop/hive/serde2/io/TimestampWritableV2.java,625,0,1,0,1,1,0.0,0.0,1.0,1,1,0
serde/src/java/org/apache/hadoop/hive/serde2/lazy/LazyDate.java,6,6,1,0,1,7,0.0,11924476.285714285,1.0,1,1,0
serde/src/java/org/apache/hadoop/hive/serde2/lazy/LazyTimestamp.java,8,8,1,0,1,7,0.0,15175858.42857143,1.0,1,1,0
serde/src/java/org/apache/hadoop/hive/serde2/lazy/VerifyLazy.java,7,7,1,0,1,4,0.0,11456771.333333334,1.0,1,1,0
serde/src/java/org/apache/hadoop/hive/serde2/lazy/fast/LazySimpleDeserializeRead.java,4,3,2,0,2,17,1761228.0,1703303.0508474577,12.0,1,2,0
serde/src/java/org/apache/hadoop/hive/serde2/lazy/fast/LazySimpleSerializeWrite.java,9,9,1,0,1,13,0.0,4785470.476190476,1.0,1,1,0
serde/src/java/org/apache/hadoop/hive/serde2/lazy/objectinspector/primitive/LazyDateObjectInspector.java,4,5,1,0,1,2,0.0,13121561.0,1.0,1,1,0
serde/src/java/org/apache/hadoop/hive/serde2/lazy/objectinspector/primitive/LazyTimestampObjectInspector.java,3,3,1,0,1,4,0.0,35410336.333333336,1.0,1,1,0
serde/src/java/org/apache/hadoop/hive/serde2/lazybinary/LazyBinaryDate.java,4,4,1,0,1,9,0.0,11747680.125,1.0,1,1,0
serde/src/java/org/apache/hadoop/hive/serde2/lazybinary/LazyBinarySerDe.java,5,5,1,0,1,18,0.0,4044612.75,2.0,2,1,0
serde/src/java/org/apache/hadoop/hive/serde2/lazybinary/LazyBinarySerDe2.java,4,4,1,0,1,4,0.0,7653768.0,1.0,1,1,0
serde/src/java/org/apache/hadoop/hive/serde2/lazybinary/LazyBinaryTimestamp.java,4,4,1,0,1,4,0.0,27823778.0,1.0,1,1,0
serde/src/java/org/apache/hadoop/hive/serde2/lazybinary/LazyBinaryUtils.java,2,2,1,0,1,12,0.0,4668548.590909091,2.0,2,1,0
serde/src/java/org/apache/hadoop/hive/serde2/lazybinary/fast/LazyBinaryDeserializeRead.java,2,2,1,0,1,15,0.0,3045299.393939394,1.0,1,1,0
serde/src/java/org/apache/hadoop/hive/serde2/lazybinary/fast/LazyBinarySerializeWrite.java,7,7,1,0,1,14,0.0,4019795.2,1.0,1,1,0
serde/src/java/org/apache/hadoop/hive/serde2/objectinspector/ObjectInspectorUtils.java,8,10,1,0,1,21,0.0,2264983.14,2.0,2,1,0
serde/src/java/org/apache/hadoop/hive/serde2/objectinspector/primitive/DateObjectInspector.java,3,4,1,0,1,4,0.0,7661707.0,1.0,1,1,0
serde/src/java/org/apache/hadoop/hive/serde2/objectinspector/primitive/JavaConstantDateObjectInspector.java,3,4,1,0,1,5,0.0,25503898.75,1.0,1,1,0
serde/src/java/org/apache/hadoop/hive/serde2/objectinspector/primitive/JavaConstantTimestampObjectInspector.java,3,4,1,0,1,5,0.0,25503898.75,1.0,1,1,0
serde/src/java/org/apache/hadoop/hive/serde2/objectinspector/primitive/JavaDateObjectInspector.java,22,9,1,0,1,2,0.0,13121561.0,1.0,1,1,0
serde/src/java/org/apache/hadoop/hive/serde2/objectinspector/primitive/JavaTimestampObjectInspector.java,25,15,1,0,1,2,0.0,13121561.0,1.0,1,1,0
serde/src/java/org/apache/hadoop/hive/serde2/objectinspector/primitive/PrimitiveObjectInspectorConverter.java,4,4,1,0,1,9,0.0,7786038.785714285,2.0,2,1,0
serde/src/java/org/apache/hadoop/hive/serde2/objectinspector/primitive/PrimitiveObjectInspectorFactory.java,4,4,1,0,1,11,0.0,6419254.3125,2.0,2,1,0
serde/src/java/org/apache/hadoop/hive/serde2/objectinspector/primitive/PrimitiveObjectInspectorUtils.java,32,30,1,0,1,16,0.0,3517779.1379310344,3.0,3,1,0
serde/src/java/org/apache/hadoop/hive/serde2/objectinspector/primitive/SettableDateObjectInspector.java,9,4,1,0,1,2,0.0,13121561.0,1.0,1,1,0
serde/src/java/org/apache/hadoop/hive/serde2/objectinspector/primitive/SettableTimestampObjectInspector.java,9,4,1,0,1,2,0.0,13121561.0,1.0,1,1,0
serde/src/java/org/apache/hadoop/hive/serde2/objectinspector/primitive/TimestampObjectInspector.java,3,4,1,0,1,4,0.0,7661707.0,1.0,1,1,0
serde/src/java/org/apache/hadoop/hive/serde2/objectinspector/primitive/WritableConstantDateObjectInspector.java,4,5,1,0,1,2,0.0,13121561.0,1.0,1,1,0
serde/src/java/org/apache/hadoop/hive/serde2/objectinspector/primitive/WritableConstantTimestampObjectInspector.java,4,5,1,0,1,2,0.0,13121561.0,1.0,1,1,0
serde/src/java/org/apache/hadoop/hive/serde2/objectinspector/primitive/WritableDateObjectInspector.java,25,12,1,0,1,2,0.0,13121561.0,1.0,1,1,0
serde/src/java/org/apache/hadoop/hive/serde2/objectinspector/primitive/WritableHiveCharObjectInspector.java,3,7,1,0,1,5,0.0,23240825.0,1.0,1,1,0
serde/src/java/org/apache/hadoop/hive/serde2/objectinspector/primitive/WritableHiveVarcharObjectInspector.java,3,3,1,0,1,7,0.0,16600589.285714285,1.0,1,1,0
serde/src/java/org/apache/hadoop/hive/serde2/objectinspector/primitive/WritableTimestampObjectInspector.java,25,13,1,0,1,2,0.0,13121561.0,1.0,1,1,0
serde/src/test/org/apache/hadoop/hive/serde2/SerdeRandomRowSource.java,2,3,1,0,1,6,0.0,7853700.333333333,1.0,1,1,0
serde/src/test/org/apache/hadoop/hive/serde2/VerifyFast.java,10,10,1,0,1,12,0.0,4369342.608695652,1.0,1,1,0
serde/src/test/org/apache/hadoop/hive/serde2/binarysortable/MyTestClass.java,3,3,1,0,1,9,0.0,8374573.333333333,1.0,1,1,0
serde/src/test/org/apache/hadoop/hive/serde2/binarysortable/MyTestPrimitiveClass.java,6,11,1,0,1,7,0.0,8374573.333333333,1.0,1,1,0
serde/src/test/org/apache/hadoop/hive/serde2/lazy/TestLazyPrimitive.java,2,3,1,0,1,3,0.0,10799839.0,1.0,1,1,0
serde/src/test/org/apache/hadoop/hive/serde2/lazybinary/MyTestClassBigger.java,3,4,1,0,1,6,0.0,20098976.0,1.0,1,1,0
serde/src/test/org/apache/hadoop/hive/serde2/lazybinary/MyTestClassSmaller.java,3,4,1,0,1,6,0.0,20098976.0,1.0,1,1,0
serde/src/test/org/apache/hadoop/hive/serde2/objectinspector/TestStandardObjectInspectors.java,3,3,1,0,1,4,0.0,22998835.333333332,1.0,1,1,0
serde/src/test/org/apache/hadoop/hive/serde2/objectinspector/primitive/TestPrimitiveObjectInspectorUtils.java,48,48,1,0,1,7,0.0,7847353.461538462,1.0,1,1,0
standalone-metastore/src/main/java/org/apache/hadoop/hive/metastore/MetaStoreDirectSql.java,98,2,2,0,2,6,1204924.0,2143060.6666666665,5.0,4,2,0
standalone-metastore/src/main/java/org/apache/hadoop/hive/metastore/utils/MetaStoreUtils.java,42,3,3,0,3,10,674293.5,1047425.9565217391,2.6666666666666665,1,3,0
storage-api/src/java/org/apache/hadoop/hive/serde2/io/DateWritable.java,1,0,1,0,1,3,0.0,12838326.4,1.0,1,1,0
vector-code-gen/src/org/apache/hadoop/hive/tools/GenVectorCode.java,10,40,5,0,3,9,579907.0,2346432.277777778,3.0,1,5,0
ql/src/java/org/apache/hadoop/hive/ql/optimizer/physical/Vectorizer.java,166,13,2,0,2,29,508949.0,609260.6230366492,40.0,13,2,0
ql/src/java/org/apache/hadoop/hive/ql/cache/results/QueryResultsCache.java,6,0,1,0,1,3,0.0,1156213.3,9.0,9,1,0
itests/hive-unit/src/test/java/org/apache/hadoop/hive/ql/parse/TestReplicationScenarios.java,109,16,3,0,2,16,957969.0,508109.0,9.0,1,2,1
itests/hive-unit/src/test/java/org/apache/hive/jdbc/TestJdbcDriver2.java,22,0,1,0,1,33,0.0,1277081.978021978,1.0,1,1,0
ql/src/java/org/apache/hadoop/hive/ql/ErrorMsg.java,11,0,1,0,1,32,0.0,859703.1304347826,2.0,2,1,0
ql/src/java/org/apache/hadoop/hive/ql/exec/ReplCopyTask.java,2,1,1,0,1,14,0.0,1200743.9761904762,5.0,5,1,0
ql/src/java/org/apache/hadoop/hive/ql/exec/repl/ReplDumpTask.java,7,2,2,0,2,7,3803614.0,1260429.4583333333,5.0,4,2,0
ql/src/java/org/apache/hadoop/hive/ql/exec/repl/bootstrap/ReplLoadTask.java,18,8,3,0,1,8,893525.0,1517238.0555555555,6.0,6,3,0
ql/src/java/org/apache/hadoop/hive/ql/exec/repl/bootstrap/events/filesystem/DatabaseEventsIterator.java,2,2,1,0,1,4,0.0,6827571.25,2.0,2,1,0
ql/src/java/org/apache/hadoop/hive/ql/parse/ReplicationSemanticAnalyzer.java,52,26,4,0,2,17,638646.0,458465.88181818184,7.5,1,3,1
ql/src/java/org/apache/hadoop/hive/ql/parse/repl/CopyUtils.java,62,32,2,0,1,7,742753.0,1813420.2857142857,4.0,4,2,0
ql/src/java/org/apache/hadoop/hive/ql/parse/repl/dump/TableExport.java,41,25,3,0,3,6,1901807.0,1704565.111111111,3.3333333333333335,3,3,0
ql/src/java/org/apache/hadoop/hive/ql/parse/repl/dump/io/FileOperations.java,162,73,5,1,2,5,950903.5,2191583.714285714,4.0,3,4,1
standalone-metastore/src/main/java/org/apache/hadoop/hive/metastore/messaging/EventUtils.java,2,2,1,0,1,1,0.0,0.0,1.0,1,1,0
itests/hive-unit/src/test/java/org/apache/hadoop/hive/ql/parse/TestExportImport.java,43,1,1,0,1,7,0.0,2752175.222222222,1.0,1,1,0
itests/hive-unit/src/test/java/org/apache/hadoop/hive/ql/parse/TestReplicationScenariosAcrossInstances.java,632,98,7,0,3,9,319282.0,1103378.8125,5.333333333333333,1,6,1
ql/src/java/org/apache/hadoop/hive/ql/parse/repl/dump/Utils.java,2,1,1,0,1,6,0.0,2545767.1428571427,5.0,5,1,0
itests/hive-unit/src/test/java/org/apache/hadoop/hive/ql/txn/compactor/TestCompactor.java,101,3,3,0,2,20,1547958.0,1560874.25,5.0,4,3,0
ql/src/java/org/apache/hadoop/hive/ql/io/orc/OrcRawRecordMerger.java,53,29,4,0,2,21,767056.0,1904948.7049180327,3.5,1,4,0
ql/src/java/org/apache/hadoop/hive/ql/io/orc/OrcRecordUpdater.java,76,5,2,0,1,12,1277500.0,2167933.775510204,12.0,12,2,0
ql/src/test/org/apache/hadoop/hive/ql/TestTxnCommands2.java,83,11,4,0,4,24,941150.0,787543.1860465116,14.75,1,2,2
ql/src/java/org/apache/hadoop/hive/ql/Driver.java,432,247,6,1,2,51,846909.0,422141.7508896797,15.0,9,6,0
ql/src/java/org/apache/hadoop/hive/ql/plan/FileSinkDesc.java,15,6,2,0,2,18,3091325.0,1472160.4657534247,3.0,2,2,0
ql/src/java/org/apache/hadoop/hive/ql/exec/tez/TezSessionState.java,34,9,2,0,2,23,232028.0,1172187.202020202,7.0,2,1,1
ql/src/java/org/apache/hadoop/hive/ql/io/arrow/Deserializer.java,635,188,5,0,3,3,730059.75,730059.75,1.6666666666666667,1,5,0
ql/src/java/org/apache/hadoop/hive/ql/io/arrow/Serializer.java,582,41,5,0,3,3,730059.75,730059.75,1.6666666666666667,1,5,0
ql/src/test/org/apache/hadoop/hive/ql/TestTxnConcatenate.java,75,10,2,0,2,3,1738119.0,1211351.0,1.5,1,2,0
standalone-metastore/src/main/java/org/apache/hadoop/hive/metastore/HiveAlterHandler.java,41,86,4,0,4,11,580648.3333333334,1849719.3846153845,1.25,1,4,0
ql/src/java/org/apache/hadoop/hive/ql/parse/DruidSqlOperatorConverter.java,287,33,4,2,1,1,662428.0,1855783.0,5.0,5,3,1
ql/src/java/org/apache/hadoop/hive/ql/parse/LoadSemanticAnalyzer.java,12,6,2,0,2,24,3369196.0,1661606.1029411764,4.5,2,2,0
ql/src/test/org/apache/hadoop/hive/ql/TestTxnLoadData.java,29,16,2,0,2,5,952484.0,1430150.5,4.5,2,2,0
llap-server/src/java/org/apache/hadoop/hive/llap/io/api/impl/LlapInputFormat.java,11,2,2,0,2,11,769241.0,1411151.0649350649,12.0,8,2,0
llap-server/src/java/org/apache/hadoop/hive/llap/io/encoded/OrcEncodedDataReader.java,36,34,2,0,2,14,1783711.0,726027.3356643356,11.5,1,2,0
llap-server/src/java/org/apache/hadoop/hive/llap/io/encoded/SerDeEncodedDataReader.java,20,0,2,0,2,6,1783711.0,1056569.1666666667,2.0,1,2,0
llap-server/src/java/org/apache/hadoop/hive/llap/io/encoded/VectorDeserializeOrcWriter.java,45,4,1,0,1,4,0.0,8254990.4,1.0,1,1,0
llap-server/src/java/org/apache/hadoop/hive/llap/io/metadata/ConsumerFileMetadata.java,4,1,2,0,2,4,1783711.0,6339415.0,1.5,1,2,0
llap-server/src/java/org/apache/hadoop/hive/llap/io/metadata/OrcFileMetadata.java,16,2,2,0,2,9,1783711.0,4060508.1153846155,1.5,1,2,0
ql/src/java/org/apache/hadoop/hive/ql/exec/FetchOperator.java,60,33,2,0,2,21,2157669.0,2039372.9827586208,4.0,3,2,0
ql/src/java/org/apache/hadoop/hive/ql/exec/vector/VectorizedInputFormatInterface.java,1,0,1,0,1,1,0.0,12777266.0,2.0,2,1,0
ql/src/java/org/apache/hadoop/hive/ql/exec/vector/expressions/VectorInBloomFilterColDynamicValue.java,1,0,1,0,1,5,0.0,4823539.222222222,3.0,3,1,0
ql/src/java/org/apache/hadoop/hive/ql/exec/vector/expressions/aggregates/VectorUDAFBloomFilter.java,1,0,1,0,1,5,0.0,2553638.411764706,4.0,4,1,0
ql/src/java/org/apache/hadoop/hive/ql/io/NullRowsInputFormat.java,6,0,1,0,1,7,0.0,5541802.6,2.0,2,1,0
ql/src/java/org/apache/hadoop/hive/ql/io/orc/OrcInputFormat.java,51,25,6,0,4,23,431533.8,582677.9950738916,13.75,1,5,1
ql/src/java/org/apache/hadoop/hive/ql/io/orc/Reader.java,11,1,1,0,1,10,0.0,3763495.4,3.0,3,1,0
ql/src/java/org/apache/hadoop/hive/ql/io/orc/ReaderImpl.java,8,1,1,0,1,16,0.0,1556363.5921052631,15.0,15,1,0
ql/src/java/org/apache/hadoop/hive/ql/io/orc/VectorizedOrcInputFormat.java,7,1,1,0,1,10,0.0,3696363.53125,5.0,5,1,0
ql/src/java/org/apache/hadoop/hive/ql/io/orc/encoded/EncodedTreeReaderFactory.java,191,19,2,0,2,6,1783711.0,2667412.9677419355,3.0,1,2,0
ql/src/java/org/apache/hadoop/hive/ql/io/parquet/MapredParquetInputFormat.java,6,0,1,0,1,16,0.0,3651266.0,3.0,3,1,0
ql/src/test/org/apache/hadoop/hive/ql/io/orc/TestOrcRawRecordMerger.java,5,5,1,0,1,15,0.0,2758567.380952381,4.0,4,1,0
ql/src/test/org/apache/hadoop/hive/ql/io/orc/TestVectorizedOrcAcidRowBatchReader.java,2,2,2,0,1,7,1959127.0,3142151.5,3.0,3,2,0
itests/hive-unit/src/test/java/org/apache/hadoop/hive/ql/parse/TestReplicationScenariosAcidTables.java,96,1,2,0,2,2,1605386.0,1643496.0,2.5,1,2,0
itests/hive-unit/src/test/java/org/apache/hadoop/hive/ql/parse/WarehouseInstance.java,88,5,3,0,1,9,738249.0,1093681.75,8.0,8,3,0
ql/src/java/org/apache/hadoop/hive/ql/exec/repl/ReplUtils.java,123,0,2,0,1,1,1476498.0,1476498.0,2.0,2,2,0
ql/src/java/org/apache/hadoop/hive/ql/exec/repl/bootstrap/events/filesystem/FSTableEvent.java,3,3,1,0,1,4,0.0,5399946.6,2.0,2,1,0
ql/src/java/org/apache/hadoop/hive/ql/exec/repl/bootstrap/load/LoadConstraint.java,85,4,1,0,1,6,0.0,4022014.1666666665,1.0,1,1,0
ql/src/java/org/apache/hadoop/hive/ql/exec/repl/bootstrap/load/LoadDatabase.java,82,36,2,0,1,5,1476498.0,3857104.714285714,3.0,3,2,0
ql/src/java/org/apache/hadoop/hive/ql/exec/repl/bootstrap/load/LoadFunction.java,26,0,1,0,1,6,0.0,3857104.714285714,2.0,2,1,0
ql/src/java/org/apache/hadoop/hive/ql/exec/repl/bootstrap/load/table/LoadPartitions.java,99,78,3,0,2,11,738249.0,1173901.4347826086,3.0,2,3,0
ql/src/java/org/apache/hadoop/hive/ql/exec/repl/bootstrap/load/table/LoadTable.java,60,78,3,0,2,13,738249.0,1173901.4347826086,3.0,2,3,0
ql/src/java/org/apache/hadoop/hive/ql/parse/repl/load/message/DropPartitionHandler.java,2,41,1,0,1,5,0.0,3532620.6,5.0,5,1,0
standalone-metastore/src/test/java/org/apache/hadoop/hive/metastore/InjectableBehaviourObjectStore.java,113,6,1,0,1,2,0.0,6758052.0,1.0,1,1,0
ql/src/java/org/apache/hadoop/hive/ql/Context.java,92,43,5,1,2,24,939608.25,1327480.0,6.5,5,5,0
ql/src/test/org/apache/hadoop/hive/ql/TestTxnExIm.java,25,47,4,0,3,3,1132147.3333333333,993198.4,2.0,1,3,1
itests/hive-unit/src/test/java/org/apache/hadoop/hive/metastore/TestReplChangeManager.java,6,3,2,0,2,10,1492087.0,2009522.0,1.0,1,2,0
itests/hive-unit/src/test/java/org/apache/hadoop/hive/ql/TestWarehouseExternalDir.java,193,0,1,0,1,1,0.0,0.0,1.0,1,1,0
ql/src/java/org/apache/hadoop/hive/ql/parse/ImportSemanticAnalyzer.java,36,40,3,0,2,25,1689881.5,1206277.357142857,8.0,4,3,0
ql/src/java/org/apache/hadoop/hive/ql/parse/TaskCompiler.java,3,1,1,0,1,27,0.0,1484494.9871794872,7.0,7,1,0
standalone-metastore/src/main/java/org/apache/hadoop/hive/metastore/Warehouse.java,62,11,2,0,2,8,1492087.0,6386166.555555556,1.0,1,2,0
ql/src/java/org/apache/hadoop/hive/ql/metadata/SessionHiveMetaStoreClient.java,6,1,2,1,2,21,1477773.0,3216249.9166666665,1.0,1,2,0
ql/src/java/org/apache/hadoop/hive/ql/plan/CreateTableDesc.java,1,1,1,1,1,16,0.0,2262196.1458333335,3.0,3,1,0
ql/src/java/org/apache/hadoop/hive/ql/session/SessionState.java,16,6,3,1,3,40,392898.0,786229.2333333333,12.666666666666666,7,2,1
llap-server/src/java/org/apache/hadoop/hive/llap/io/api/impl/LlapRecordReader.java,32,12,3,0,2,7,941088.0,1197269.027027027,7.5,3,3,0
ql/src/java/org/apache/hadoop/hive/ql/optimizer/calcite/translator/SqlFunctionConverter.java,27,12,3,1,1,18,1640474.5,1714877.2950819673,5.0,5,1,2
common/src/java/org/apache/hadoop/hive/conf/Constants.java,1,0,1,0,1,10,0.0,2298480.153846154,3.0,3,1,0
druid-handler/src/java/org/apache/hadoop/hive/druid/DruidStorageHandler.java,53,37,2,0,2,9,1553383.0,1075471.351851852,15.5,7,2,0
itests/qtest/src/test/java/org/apache/hadoop/hive/cli/TestMiniDruidKafkaCliDriver.java,2,2,2,0,2,2,2765045.0,3926849.5,1.5,1,2,0
itests/util/src/main/java/org/apache/hadoop/hive/cli/control/CliConfigs.java,15,8,4,0,4,18,921681.6666666666,906738.6875,2.0,1,4,0
itests/util/src/main/java/org/apache/hadoop/hive/ql/QTestUtil.java,29,7,3,0,2,40,1290795.0,543496.6854460094,4.0,2,1,2
ql/src/java/org/apache/hadoop/hive/ql/exec/vector/expressions/CharScalarConcatStringGroupCol.java,2,54,2,1,1,2,1152407.0,6588135.0,3.0,3,2,0
ql/src/java/org/apache/hadoop/hive/ql/exec/vector/expressions/StringGroupColConcatCharScalar.java,2,54,2,1,1,2,1152407.0,6588135.0,3.0,3,2,0
ql/src/java/org/apache/hadoop/hive/ql/exec/vector/expressions/StringGroupColConcatStringScalar.java,1,2,1,1,1,4,0.0,6031145.111111111,14.0,14,1,0
ql/src/java/org/apache/hadoop/hive/ql/exec/vector/expressions/StringGroupColConcatVarCharScalar.java,0,52,1,1,1,2,0.0,9882202.5,2.0,2,1,0
ql/src/java/org/apache/hadoop/hive/ql/exec/vector/expressions/StringGroupConcatColCol.java,1,1,1,1,1,4,0.0,6031145.111111111,14.0,14,1,0
ql/src/java/org/apache/hadoop/hive/ql/exec/vector/expressions/StringLTrim.java,18,7,1,1,1,2,0.0,9882202.5,2.0,2,1,0
ql/src/java/org/apache/hadoop/hive/ql/exec/vector/expressions/StringRTrim.java,17,7,1,1,1,2,0.0,9882202.5,2.0,2,1,0
ql/src/java/org/apache/hadoop/hive/ql/exec/vector/expressions/StringScalarConcatStringGroupCol.java,1,1,1,1,1,4,0.0,6031145.111111111,14.0,14,1,0
ql/src/java/org/apache/hadoop/hive/ql/exec/vector/expressions/StringSubstrColStart.java,5,6,1,1,1,4,0.0,3101059.2352941176,14.0,14,1,0
ql/src/java/org/apache/hadoop/hive/ql/exec/vector/expressions/StringSubstrColStartLen.java,5,6,1,1,1,4,0.0,3101059.2352941176,14.0,14,1,0
ql/src/java/org/apache/hadoop/hive/ql/exec/vector/expressions/StringTrim.java,24,11,1,1,1,2,0.0,9882202.5,2.0,2,1,0
ql/src/java/org/apache/hadoop/hive/ql/exec/vector/expressions/VarCharScalarConcatStringGroupCol.java,0,52,1,1,1,2,0.0,9882202.5,2.0,2,1,0
ql/src/java/org/apache/hadoop/hive/ql/udf/generic/GenericUDFConcat.java,3,8,1,1,1,4,0.0,34862528.333333336,1.0,1,1,0
ql/src/test/org/apache/hadoop/hive/ql/exec/vector/expressions/TestVectorCastStatement.java,1099,564,5,1,2,2,468924.25,468924.25,2.5,1,5,0
ql/src/test/org/apache/hadoop/hive/ql/exec/vector/expressions/TestVectorDateAddSub.java,543,68,2,1,1,1,1152407.0,1152407.0,2.0,2,2,0
ql/src/test/org/apache/hadoop/hive/ql/exec/vector/expressions/TestVectorDateDiff.java,552,93,3,1,2,2,576203.5,576203.5,1.5,1,3,0
ql/src/test/org/apache/hadoop/hive/ql/exec/vector/expressions/TestVectorStringConcat.java,427,0,1,1,1,1,0.0,0.0,1.0,1,1,0
ql/src/test/org/apache/hadoop/hive/ql/exec/vector/expressions/TestVectorStringExpressions.java,76,28,2,1,1,7,1152407.0,5506900.923076923,5.0,5,2,0
ql/src/test/org/apache/hadoop/hive/ql/exec/vector/expressions/TestVectorStringUnary.java,368,0,1,1,1,1,0.0,0.0,1.0,1,1,0
ql/src/test/org/apache/hadoop/hive/ql/exec/vector/expressions/TestVectorSubStr.java,347,0,1,1,1,1,0.0,0.0,1.0,1,1,0
itests/hive-unit/src/test/java/org/apache/hive/beeline/hs2connection/BeelineWithHS2ConnectionFileTestBase.java,25,7,1,0,1,3,0.0,6321746.5,1.0,1,0,1
itests/hive-unit/src/test/java/org/apache/hive/beeline/hs2connection/TestBeelineConnectionUsingHiveSite.java,21,5,1,0,1,5,0.0,5812852.444444444,1.0,1,0,1
itests/hive-unit/src/test/java/org/apache/hive/beeline/hs2connection/TestBeelineWithUserHs2ConnectionFile.java,3,3,1,0,1,5,0.0,7473667.428571428,1.0,1,0,1
streaming/src/java/org/apache/hive/streaming/HiveStreamingConnection.java,29,19,3,0,1,1,402385.0,627240.5,7.0,7,3,0
itests/hive-unit/src/test/java/org/apache/hive/jdbc/AbstractJdbcTriggersTest.java,60,29,2,0,2,3,2106793.0,2721237.8571428573,3.5,1,2,0
itests/hive-unit/src/test/java/org/apache/hive/jdbc/TestTriggersMoveWorkloadManager.java,38,26,4,1,2,3,874298.6666666666,2048084.111111111,4.5,1,3,1
itests/hive-unit/src/test/java/org/apache/hive/jdbc/TestTriggersNoTezSessionPool.java,20,11,1,0,1,2,0.0,3809733.0,5.0,5,1,0
itests/hive-unit/src/test/java/org/apache/hive/jdbc/TestTriggersTezSessionPoolManager.java,124,64,2,0,2,3,2353098.0,1600922.2307692308,6.5,1,1,1
itests/hive-unit/src/test/java/org/apache/hive/jdbc/TestTriggersWorkloadManager.java,9,0,1,0,1,2,0.0,2312443.222222222,5.0,5,1,0
ql/src/test/org/apache/hadoop/hive/metastore/txn/TestTxnHandler.java,30,1,1,0,1,7,0.0,2424020.85,4.0,4,0,1
ql/src/java/org/apache/{hadoop/hive/ql/hooks => tez/dag/history/logging/proto}/DatePartitionedLogger.java,25,15,1,0,1,1,0.0,0.0,1.0,1,1,0
ql/src/java/org/apache/{hadoop/hive/ql/hooks => tez/dag/history/logging/proto}/ProtoMessageReader.java,5,5,1,0,1,1,0.0,0.0,1.0,1,1,0
ql/src/java/org/apache/{hadoop/hive/ql/hooks => tez/dag/history/logging/proto}/ProtoMessageWritable.java,5,5,1,0,1,1,0.0,0.0,1.0,1,1,0
ql/src/java/org/apache/{hadoop/hive/ql/hooks => tez/dag/history/logging/proto}/ProtoMessageWriter.java,5,5,1,0,1,1,0.0,0.0,1.0,1,1,0
ql/src/java/org/apache/tez/dag/history/logging/proto/package-info.java,23,0,1,0,1,1,0.0,0.0,1.0,1,1,0
beeline/src/java/org/apache/hive/beeline/HiveSchemaTool.java,90,15,4,0,3,25,1018870.0,1211632.5483870967,4.0,1,3,1
common/src/java/org/apache/hive/common/util/ShutdownHookManager.java,6,2,1,0,1,9,0.0,5245309.8125,1.0,1,1,0
jdbc/src/java/org/apache/hive/jdbc/HiveConnection.java,2,2,1,0,1,33,0.0,1111892.2596153845,2.0,2,1,0
service/src/java/org/apache/hive/service/cli/thrift/EmbeddedThriftBinaryCLIService.java,22,5,1,0,1,7,0.0,10512435.909090908,1.0,1,1,0
llap-server/src/java/org/apache/hadoop/hive/llap/cache/LowLevelCacheMemoryManager.java,12,0,1,0,1,9,0.0,2719755.1052631577,2.0,2,1,0
llap-server/src/java/org/apache/hadoop/hive/llap/cache/LowLevelLrfuCachePolicy.java,71,6,1,0,1,7,0.0,2154818.32,3.0,3,1,0
llap-server/src/java/org/apache/hadoop/hive/llap/io/api/impl/LlapIoImpl.java,16,13,1,0,1,9,0.0,1390124.8846153845,10.0,10,1,0
llap-server/src/test/org/apache/hadoop/hive/llap/cache/TestLowLevelLrfuCachePolicy.java,40,0,1,0,1,8,0.0,3841624.9285714286,2.0,2,1,0
standalone-metastore/src/test/java/org/apache/hadoop/hive/metastore/NonCatCallsWithCatalog.java,120,89,1,0,1,1,0.0,0.0,1.0,1,1,0
ql/src/java/org/apache/hadoop/hive/ql/session/OperationLog.java,5,0,1,0,1,16,0.0,3742834.6666666665,2.0,2,0,1
service/src/java/org/apache/hive/service/cli/operation/HiveCommandOperation.java,1,3,1,0,1,11,0.0,3864995.4782608696,5.0,5,0,1
service/src/java/org/apache/hive/service/cli/operation/MetadataOperation.java,1,1,1,0,1,10,0.0,5052503.0,2.0,2,0,1
service/src/java/org/apache/hive/service/cli/operation/Operation.java,29,2,1,0,1,18,0.0,1426510.9078947369,2.0,2,0,1
service/src/java/org/apache/hive/service/cli/operation/SQLOperation.java,5,3,1,0,1,23,0.0,1178422.0543478262,2.0,2,0,1
itests/hive-unit/src/test/java/org/apache/hive/service/server/TestInformationSchemaWithPrivilege.java,17,18,3,0,2,2,1114780.5,1069788.3333333333,2.0,1,1,2
ql/src/java/org/apache/hadoop/hive/ql/hooks/NoOperatorReuseCheckerHook.java,110,1,2,1,2,2,30325.0,30325.0,1.0,1,1,1
druid-handler/src/java/org/apache/hadoop/hive/druid/DruidStorageHandlerUtils.java,13,14,2,0,1,9,1628253.0,1315906.6136363635,21.0,21,1,1
ql/src/java/org/apache/hadoop/hive/ql/exec/Operator.java,27,8,2,0,2,26,194532.0,1481749.6153846155,2.0,2,2,0
ql/src/java/org/apache/hadoop/hive/ql/exec/OperatorUtils.java,2,2,1,0,1,19,0.0,3123688.378378378,2.0,2,1,0
ql/src/java/org/apache/hadoop/hive/ql/exec/SerializationUtilities.java,8,6,1,0,1,14,0.0,2033037.076923077,1.0,1,1,0
ql/src/java/org/apache/hadoop/hive/ql/optimizer/physical/MemoryDecider.java,6,6,1,0,1,8,0.0,10384242.555555556,2.0,2,1,0
ql/src/java/org/apache/hadoop/hive/ql/optimizer/physical/SerializeFilter.java,2,4,1,0,1,9,0.0,7715605.25,2.0,2,1,0
ql/src/java/org/apache/hadoop/hive/ql/parse/ColumnStatsAutoGatherContext.java,1,0,1,0,1,7,0.0,4986917.076923077,1.0,1,1,0
ql/src/java/org/apache/hadoop/hive/ql/parse/spark/SplitOpTreeForDPP.java,5,2,1,0,1,11,0.0,5732961.75,1.0,1,1,0
ql/src/java/org/apache/hadoop/hive/ql/plan/MergeJoinWork.java,4,3,1,0,1,11,0.0,5025063.9130434785,1.0,1,1,0
ql/src/test/org/apache/hadoop/hive/ql/plan/mapping/TestCounterMapping.java,7,1,1,0,1,1,0.0,2120355.25,5.0,5,1,0
ql/src/test/org/apache/hadoop/hive/ql/plan/mapping/TestOperatorCmp.java,9,7,1,0,1,1,0.0,2827140.3333333335,4.0,4,1,0
ql/src/java/org/apache/hadoop/hive/ql/optimizer/calcite/RelOptHiveTable.java,9,6,1,0,1,21,0.0,2405709.9545454546,10.0,10,1,0
ql/src/java/org/apache/hadoop/hive/ql/optimizer/calcite/rules/HiveReduceExpressionsWithStatsRule.java,6,5,2,0,2,7,263012.0,4564553.142857143,4.5,1,2,0
ql/src/test/org/apache/hadoop/hive/ql/optimizer/calcite/rules/TestHiveReduceExpressionsWithStatsRule.java,1,1,1,0,1,5,0.0,4517333.8,1.0,1,1,0
ql/src/java/org/apache/hadoop/hive/ql/lockmgr/DbLockManager.java,16,2,1,0,1,17,0.0,3208527.861111111,1.0,1,1,0
ql/src/java/org/apache/hadoop/hive/ql/lockmgr/HiveLock.java,26,0,1,0,1,2,0.0,12424439.0,1.0,1,1,0
ql/src/java/org/apache/hadoop/hive/ql/exec/FetchTask.java,2,1,3,0,1,19,1784326.5,2966717.277777778,3.0,3,3,0
standalone-metastore/src/test/java/org/apache/hadoop/hive/metastore/client/TestFunctions.java,3,5,1,0,1,3,0.0,2938825.0,1.0,1,1,0
common/src/java/org/apache/hadoop/hive/common/FileUtils.java,11,0,1,0,1,30,0.0,1339730.4431818181,1.0,1,1,0
ql/src/java/org/apache/hadoop/hive/ql/parse/EximUtil.java,6,2,1,0,1,17,0.0,1940598.4181818182,4.0,4,1,0
ql/src/java/org/apache/hadoop/hive/ql/parse/repl/dump/io/PartitionSerializer.java,8,0,1,0,1,2,0.0,5795235.5,3.0,3,1,0
ql/src/java/org/apache/hadoop/hive/ql/parse/repl/dump/io/TableSerializer.java,11,3,1,0,1,4,0.0,4346426.625,3.0,3,1,0
ql/src/java/org/apache/hadoop/hive/ql/parse/repl/load/message/AlterDatabaseHandler.java,5,1,1,0,1,3,0.0,3732642.5,3.0,3,1,0
itests/hive-unit/src/test/java/org/apache/hive/jdbc/TestActivePassiveHA.java,65,34,1,0,1,2,0.0,523167.44444444444,1.0,1,1,0
service/src/java/org/apache/hive/service/server/HiveServer2.java,70,31,3,0,3,27,866118.5,893025.1875,6.0,1,3,0
ql/src/java/org/apache/hadoop/hive/ql/exec/CommonMergeJoinOperator.java,24,7,1,0,1,13,0.0,2508303.0,1.0,1,1,0
ql/src/java/org/apache/hadoop/hive/ql/exec/GroupByOperator.java,1,1,1,0,1,17,0.0,2136702.5555555555,1.0,1,1,0
ql/src/java/org/apache/hadoop/hive/ql/exec/tez/ReduceRecordSource.java,10,0,1,0,1,20,0.0,1891507.1803278688,1.0,1,1,0
ql/src/java/org/apache/hadoop/hive/ql/optimizer/metainfo/annotation/OpTraitsRulesProcFactory.java,33,8,1,0,1,10,0.0,6072733.578947368,4.0,4,1,0
ql/src/java/org/apache/hadoop/hive/ql/udf/generic/GenericUDTFGetSplits.java,102,54,8,0,3,10,397072.85714285716,1083127.140625,9.0,2,5,3
ql/src/java/org/apache/hadoop/hive/ql/optimizer/calcite/reloperators/HiveDateAddSqlOperator.java,30,0,1,0,1,1,0.0,0.0,1.0,1,1,0
ql/src/java/org/apache/hadoop/hive/ql/optimizer/calcite/reloperators/HiveDateSubSqlOperator.java,30,0,1,0,1,1,0.0,0.0,1.0,1,1,0
ql/src/java/org/apache/hadoop/hive/ql/optimizer/calcite/reloperators/HiveExtractDate.java,2,4,1,0,1,4,0.0,7203657.833333333,2.0,2,1,0
ql/src/java/org/apache/hadoop/hive/ql/optimizer/calcite/reloperators/HiveFromUnixTimeSqlOperator.java,32,0,1,0,1,1,0.0,0.0,1.0,1,1,0
ql/src/java/org/apache/hadoop/hive/ql/optimizer/calcite/reloperators/HiveToDateSqlOperator.java,37,0,1,0,1,1,0.0,0.0,1.0,1,1,0
ql/src/java/org/apache/hadoop/hive/ql/optimizer/calcite/reloperators/HiveTruncSqlOperator.java,36,0,1,0,1,1,0.0,0.0,1.0,1,1,0
ql/src/java/org/apache/hadoop/hive/ql/optimizer/calcite/reloperators/HiveUnixTimestampSqlOperator.java,32,0,1,0,1,1,0.0,0.0,1.0,1,1,0
ql/src/java/org/apache/hadoop/hive/ql/io/RecordIdentifier.java,1,0,1,0,1,6,0.0,5028854.375,1.0,1,1,0
service/src/java/org/apache/hive/service/cli/thrift/ThriftBinaryCLIService.java,47,31,1,0,1,16,0.0,4607353.48,1.0,1,1,0
service/src/java/org/apache/hive/service/cli/thrift/ThriftCLIService.java,13,15,1,0,1,30,0.0,1439797.9625,2.0,2,1,0
service/src/java/org/apache/hive/service/cli/thrift/ThriftHttpCLIService.java,58,32,1,0,1,16,0.0,3839461.2333333334,1.0,1,1,0
ql/src/java/org/apache/hadoop/hive/ql/io/arrow/ArrowColumnarBatchSerDe.java,1227,950,3,0,2,2,1247018.5,1247018.5,1.5,1,3,0
ql/src/test/org/apache/hadoop/hive/ql/TestTxnCommands.java,128,17,3,0,2,15,1290426.5,996824.4395604396,24.5,4,3,0
standalone-metastore/src/main/java/org/apache/hadoop/hive/metastore/api/InitializeTableWriteIdsRequest.java,42,0,1,0,1,1,0.0,0.0,1.0,1,1,0
streaming/src/java/org/apache/hive/streaming/StrictJsonWriter.java,5,0,1,0,1,1,0.0,1140438.5,5.0,5,1,0
streaming/src/java/org/apache/hive/streaming/StrictRegexWriter.java,17,2,1,0,1,1,0.0,1140438.5,5.0,5,1,0
streaming/src/test/org/apache/hive/streaming/TestStreamingDynamicPartitioning.java,77,0,1,0,1,1,0.0,3201324.0,2.0,2,1,0
ql/src/java/org/apache/hadoop/hive/ql/plan/TableScanDesc.java,11,13,1,1,1,26,0.0,1319421.6125,3.0,3,1,0
ql/src/test/org/apache/hadoop/hive/ql/optimizer/signature/TestOperatorSignature.java,3,5,1,1,1,1,0.0,2396075.3333333335,4.0,4,1,0
standalone-metastore/src/main/java/org/apache/hadoop/hive/common/ndv/NumDistinctValueEstimatorFactory.java,4,3,1,0,1,1,0.0,0.0,1.0,1,1,0
standalone-metastore/src/main/java/org/apache/hadoop/hive/common/ndv/hll/HLLDenseRegister.java,25,0,1,0,1,2,0.0,2141689.0,1.0,1,1,0
standalone-metastore/src/main/java/org/apache/hadoop/hive/common/ndv/hll/HLLSparseRegister.java,20,19,2,0,2,2,14993937.0,14993937.0,1.0,1,2,0
standalone-metastore/src/main/java/org/apache/hadoop/hive/common/ndv/hll/HyperLogLog.java,58,28,3,0,3,3,7496968.5,7496968.5,1.0,1,3,0
standalone-metastore/src/main/java/org/apache/hadoop/hive/common/ndv/hll/HyperLogLogUtils.java,18,1,1,0,1,1,0.0,0.0,1.0,1,1,0
standalone-metastore/src/test/java/org/apache/hadoop/hive/common/ndv/hll/TestHyperLogLog.java,116,8,1,0,1,2,0.0,6462024.0,1.0,1,1,0
standalone-metastore/src/test/java/org/apache/hadoop/hive/common/ndv/hll/TestHyperLogLogMerge.java,147,0,1,0,1,1,0.0,0.0,1.0,1,1,0
ql/src/java/org/apache/hadoop/hive/ql/parse/UpdateDeleteSemanticAnalyzer.java,6,1,2,0,2,16,1182854.0,1433111.719512195,4.0,2,2,0
llap-common/src/java/org/apache/hadoop/hive/llap/security/LlapTokenSelector.java,3,3,1,0,1,1,0.0,12007467.0,2.0,2,0,1
ql/src/test/org/apache/hadoop/hive/ql/stats/TestStatsUpdaterThread.java,481,9,2,0,1,1,85003.0,85003.0,2.0,2,1,1
itests/hcatalog-unit/src/test/java/org/apache/hive/hcatalog/listener/DummyRawStoreFailEvent.java,24,3,2,0,2,16,691977.0,945579.5,9.0,4,2,0
ql/src/java/org/apache/hadoop/hive/ql/DriverUtils.java,77,0,1,0,1,1,0.0,0.0,1.0,1,1,0
ql/src/java/org/apache/hadoop/hive/ql/stats/StatsUpdaterThread.java,652,0,1,0,1,1,0.0,0.0,1.0,1,1,0
ql/src/java/org/apache/hadoop/hive/ql/txn/compactor/CompactorMR.java,12,48,2,0,1,19,1297040.0,1185558.7731958763,7.0,7,2,0
standalone-metastore/src/main/java/org/apache/hadoop/hive/metastore/RawStore.java,9,1,2,0,2,7,691977.0,790596.88,7.0,2,2,0
standalone-metastore/src/main/java/org/apache/hadoop/hive/metastore/cache/CachedStore.java,19,2,2,0,2,7,691977.0,732034.1481481482,7.5,3,2,0
standalone-metastore/src/main/java/org/apache/hadoop/hive/metastore/conf/EnumValidator.java,26,0,1,0,1,1,0.0,0.0,1.0,1,1,0
standalone-metastore/src/test/java/org/apache/hadoop/hive/metastore/DummyRawStoreControlledCommit.java,22,2,2,0,2,7,691977.0,861977.2222222222,4.0,2,2,0
standalone-metastore/src/test/java/org/apache/hadoop/hive/metastore/DummyRawStoreForJdoConnection.java,21,1,2,0,2,7,691977.0,785293.5714285715,5.0,2,2,0
ql/src/java/org/apache/hadoop/hive/ql/metadata/Table.java,4,0,1,0,1,21,0.0,1806469.6769230769,8.0,8,0,1
ql/src/java/org/apache/hadoop/hive/ql/security/authorization/BitSetCheckedAuthorizationProvider.java,3,4,1,0,1,2,0.0,11913393.0,1.0,1,0,1
ql/src/java/org/apache/hadoop/hive/ql/security/authorization/HiveAuthorizationProviderBase.java,18,3,2,0,2,8,688733.0,12777328.555555556,2.0,1,1,1
ql/src/java/org/apache/hadoop/hive/ql/security/authorization/StorageBasedAuthorizationProvider.java,8,1,2,0,2,12,688733.0,4993094.2,4.0,4,1,1
streaming/src/java/org/apache/hive/streaming/AbstractRecordWriter.java,15,0,1,0,1,1,0.0,719850.5,7.0,7,1,0
ql/src/java/org/apache/hadoop/hive/ql/io/AcidUtils.java,91,46,3,0,2,17,99271.0,1224476.5789473683,7.0,3,3,0
ql/src/java/org/apache/hadoop/hive/ql/io/BucketizedHiveInputFormat.java,68,28,3,0,1,7,642221.5,12633573.444444444,3.0,3,2,1
ql/src/java/org/apache/hadoop/hive/ql/io/HiveInputFormat.java,144,100,2,0,1,24,1284443.0,959718.7107438017,9.0,9,2,0
ql/src/java/org/apache/hadoop/hive/ql/plan/ConditionalResolverMergeFiles.java,1,1,1,0,1,8,0.0,6174859.705882353,4.0,4,1,0
ql/src/test/org/apache/hadoop/hive/ql/TxnCommandsBaseForTests.java,16,1,3,0,2,7,645657.5,1356752.875,2.5,1,2,1
itests/hive-unit/src/test/java/org/apache/hadoop/hive/ql/parse/TestReplicationOnHDFSEncryptedZones.java,4,2,2,1,2,3,1474799.0,3872964.0,1.5,1,1,1
ql/src/java/org/apache/hadoop/hive/ql/exec/CopyTask.java,13,36,1,0,1,9,0.0,4193581.8421052634,7.0,7,1,0
ql/src/java/org/apache/hadoop/hive/ql/exec/ExportTask.java,5,7,2,0,2,4,2038430.0,4149734.6,2.0,2,2,0
ql/src/java/org/apache/hadoop/hive/ql/exec/Utilities.java,3,0,1,0,1,50,0.0,434982.6439393939,18.0,18,1,0
ql/src/java/org/apache/hadoop/hive/ql/parse/ExportSemanticAnalyzer.java,30,15,1,0,1,17,0.0,2870885.45,3.0,3,1,0
ql/src/java/org/apache/hadoop/hive/ql/parse/SemanticAnalyzerFactory.java,1,1,1,0,1,27,0.0,1769870.7076923077,5.0,5,1,0
ql/src/java/org/apache/hadoop/hive/ql/parse/repl/dump/PartitionExport.java,7,2,1,0,1,7,0.0,2946769.625,2.0,2,1,0
ql/src/java/org/apache/hadoop/hive/ql/plan/CopyWork.java,0,18,1,0,1,6,0.0,12158035.75,2.0,2,1,0
ql/src/java/org/apache/hadoop/hive/ql/plan/ExportWork.java,39,21,1,0,1,4,0.0,4677560.75,2.0,2,1,0
ql/src/java/org/apache/hadoop/hive/ql/io/rcfile/truncate/ColumnTruncateMapper.java,3,1,1,0,1,6,0.0,13280821.166666666,1.0,1,1,0
ql/src/java/org/apache/hadoop/hive/ql/parse/ColumnStatsSemanticAnalyzer.java,1,27,1,0,1,21,0.0,1930639.5762711863,1.0,1,1,0
itests/hive-unit/src/test/java/org/apache/hive/jdbc/TestJdbcWithMiniHS2.java,7,3,3,0,3,24,338771.0,1428731.525,1.0,1,2,1
ql/src/java/org/apache/hadoop/hive/ql/util/HiveStrictManagedUtils.java,115,0,1,0,1,1,0.0,0.0,1.0,1,1,0
itests/hive-unit/src/test/java/org/apache/hadoop/hive/ql/parse/TestCopyUtils.java,3,1,1,0,1,4,0.0,3595310.0,1.0,1,1,0
itests/hive-unit/src/test/java/org/apache/hadoop/hive/ql/security/authorization/plugin/TestHiveAuthorizerCheckInvocation.java,3,1,1,0,1,20,0.0,3265672.057142857,1.0,1,1,0
itests/hive-unit/src/test/java/org/apache/hadoop/hive/ql/txn/compactor/TestCleanerWithReplication.java,21,13,1,0,1,3,0.0,3388092.5,1.0,1,1,0
ql/src/java/org/apache/hadoop/hive/ql/parse/MetaDataExportListener.java,2,4,1,0,1,9,0.0,8054211.0,1.0,1,1,0
ql/src/java/org/apache/hadoop/hive/ql/txn/compactor/Cleaner.java,8,2,1,0,1,13,0.0,3463591.5757575757,1.0,1,1,0
standalone-metastore/src/main/java/org/apache/hadoop/hive/metastore/ReplChangeManager.java,23,0,1,0,1,6,0.0,2996964.1428571427,1.0,1,1,0
standalone-metastore/src/main/java/org/apache/hadoop/hive/metastore/model/MDatabase.java,20,1,1,0,1,3,0.0,5607979.0,1.0,1,1,0
ql/src/java/org/apache/hadoop/hive/ql/optimizer/calcite/HiveRelOptUtil.java,113,0,1,0,1,10,0.0,3618263.269230769,10.0,10,1,0
ql/src/java/org/apache/hadoop/hive/ql/optimizer/calcite/cost/HiveVolcanoPlanner.java,4,1,1,0,1,5,0.0,9407484.5,6.0,6,1,0
ql/src/java/org/apache/hadoop/hive/ql/optimizer/calcite/rules/HiveRelDecorrelator.java,176,266,1,0,1,7,0.0,1584333.103448276,2.0,2,1,0
ql/src/java/org/apache/hadoop/hive/ql/optimizer/SimpleFetchOptimizer.java,10,3,1,0,1,18,0.0,2552109.1555555556,5.0,5,1,0
ql/src/java/org/apache/hadoop/hive/ql/stats/StatsUtils.java,34,2,2,0,2,27,2849881.0,1073306.5046728973,9.5,5,2,0
ql/src/java/org/apache/hadoop/hive/ql/exec/KeyWrapperFactory.java,12,0,1,0,1,10,0.0,7342901.0,1.0,1,1,0
ql/src/java/org/apache/hadoop/hive/ql/exec/MapOperator.java,5,0,1,0,1,16,0.0,2800851.7317073173,1.0,1,1,0
itests/hive-unit/src/test/java/org/apache/hive/beeline/TestSchemaToolCatalogOps.java,43,1,1,0,1,1,0.0,2934043.0,2.0,2,1,0
standalone-metastore/src/gen/thrift/gen-javabean/org/apache/hadoop/hive/metastore/api/AlterCatalogRequest.java,504,0,1,0,1,1,0.0,0.0,1.0,1,1,0
standalone-metastore/src/main/java/org/apache/hadoop/hive/metastore/MetaStoreEventListener.java,4,0,1,0,1,4,0.0,2041649.142857143,3.0,3,1,0
standalone-metastore/src/main/java/org/apache/hadoop/hive/metastore/MetaStoreListenerNotifier.java,3,0,1,0,1,4,0.0,2041649.142857143,3.0,3,1,0
standalone-metastore/src/main/java/org/apache/hadoop/hive/metastore/events/AlterCatalogEvent.java,44,0,1,0,1,1,0.0,0.0,1.0,1,1,0
standalone-metastore/src/main/java/org/apache/hadoop/hive/metastore/events/PreAlterCatalogEvent.java,40,0,1,0,1,1,0.0,0.0,1.0,1,1,0
standalone-metastore/src/main/java/org/apache/hadoop/hive/metastore/events/PreEventContext.java,2,1,1,0,1,2,0.0,2575991.6666666665,3.0,3,1,0
standalone-metastore/src/main/java/org/apache/hadoop/hive/metastore/messaging/AlterCatalogMessage.java,29,0,1,0,1,1,0.0,0.0,1.0,1,1,0
standalone-metastore/src/main/java/org/apache/hadoop/hive/metastore/messaging/EventMessage.java,2,1,1,0,1,3,0.0,2381924.0,3.0,3,1,0
standalone-metastore/src/main/java/org/apache/hadoop/hive/metastore/messaging/MessageFactory.java,3,0,1,0,1,3,0.0,2381924.0,3.0,3,1,0
standalone-metastore/src/main/java/org/apache/hadoop/hive/metastore/messaging/json/JSONAlterCatalogMessage.java,90,0,1,0,1,1,0.0,0.0,1.0,1,1,0
standalone-metastore/src/main/java/org/apache/hadoop/hive/metastore/messaging/json/JSONMessageFactory.java,12,0,1,0,1,4,0.0,2381924.0,2.0,2,1,0
standalone-metastore/src/test/java/org/apache/hadoop/hive/metastore/client/TestCatalogs.java,47,0,1,0,1,1,0.0,5677577.0,2.0,2,1,0
beeline/src/java/org/apache/hive/beeline/Commands.java,4,1,1,0,1,27,0.0,1208512.652631579,1.0,1,0,1
ql/src/java/org/apache/hadoop/hive/ql/wm/ExpressionFactory.java,3,1,1,0,1,3,0.0,4723793.25,1.0,1,0,1
ql/src/test/org/apache/hadoop/hive/ql/wm/TestExpressionFactory.java,10,10,1,0,1,2,0.0,10718542.0,1.0,1,0,1
ql/src/test/org/apache/hadoop/hive/ql/wm/TestTrigger.java,23,24,1,0,1,3,0.0,2699310.4285714286,1.0,1,0,1
ql/src/java/org/apache/hadoop/hive/ql/optimizer/calcite/rules/HiveDruidRules.java,231,9,1,0,1,3,0.0,4269649.333333333,2.0,2,1,0
ql/src/java/org/apache/hadoop/hive/ql/exec/vector/expressions/CastDoubleToDecimal.java,30,17,4,0,2,4,241096.66666666666,11165281.9,4.0,1,4,0
ql/src/java/org/apache/hadoop/hive/ql/exec/vector/expressions/IfExprCharScalarStringGroupColumn.java,3,4,1,0,1,2,0.0,9305999.0,2.0,2,1,0
ql/src/java/org/apache/hadoop/hive/ql/exec/vector/expressions/IfExprCharScalarStringScalar.java,2,4,1,0,1,2,0.0,9305999.0,2.0,2,1,0
ql/src/java/org/apache/hadoop/hive/ql/exec/vector/expressions/IfExprStringGroupColumnCharScalar.java,2,3,1,0,1,2,0.0,9305999.0,2.0,2,1,0
ql/src/java/org/apache/hadoop/hive/ql/exec/vector/expressions/IfExprStringGroupColumnVarCharScalar.java,3,3,1,0,1,2,0.0,9305999.0,2.0,2,1,0
ql/src/java/org/apache/hadoop/hive/ql/exec/vector/expressions/IfExprStringScalarCharScalar.java,2,4,1,0,1,2,0.0,9305999.0,2.0,2,1,0
ql/src/java/org/apache/hadoop/hive/ql/exec/vector/expressions/IfExprStringScalarVarCharScalar.java,2,4,1,0,1,2,0.0,9305999.0,2.0,2,1,0
ql/src/java/org/apache/hadoop/hive/ql/exec/vector/expressions/IfExprVarCharScalarStringGroupColumn.java,3,4,1,0,1,2,0.0,9305999.0,2.0,2,1,0
ql/src/java/org/apache/hadoop/hive/ql/exec/vector/expressions/IfExprVarCharScalarStringScalar.java,2,4,1,0,1,2,0.0,9305999.0,2.0,2,1,0
ql/src/test/org/apache/hadoop/hive/ql/exec/vector/VectorRandomBatchSource.java,146,64,1,0,1,1,0.0,1640360.0,2.0,2,1,0
ql/src/test/org/apache/hadoop/hive/ql/exec/vector/expressions/TestVectorIfStatement.java,55,21,1,0,1,1,0.0,1640360.0,2.0,2,1,0
storage-api/src/java/org/apache/hadoop/hive/ql/exec/vector/BytesColumnVector.java,2,3,1,0,1,5,0.0,3219613.464285714,9.0,9,1,0
standalone-metastore/src/main/java/org/apache/hadoop/hive/metastore/tools/HiveMetaTool.java,0,409,1,0,1,2,0.0,1580493.5,2.0,2,1,0
upgrade-acid/src/main/java/org/apache/hadoop/hive/upgrade/acid/UpgradeTool.java,808,0,1,0,1,1,0.0,0.0,1.0,1,1,0
upgrade-acid/src/test/java/org/apache/hadoop/hive/upgrade/acid/TestUpgradeTool.java,291,0,1,0,1,1,0.0,0.0,1.0,1,1,0
ql/src/test/org/apache/hadoop/hive/ql/plan/mapping/TestReOptimization.java,4,2,2,0,2,2,620861.0,1479764.0,3.0,1,1,1
serde/src/test/org/apache/hadoop/hive/serde2/lazy/fast/TestLazySimpleDeserializeRead.java,84,0,1,0,1,1,0.0,0.0,1.0,1,1,0
ql/src/java/org/apache/hadoop/hive/ql/exec/repl/bootstrap/ReplLoadWork.java,2,0,1,0,1,6,0.0,2552323.5,3.0,3,1,0
ql/src/java/org/apache/hadoop/hive/ql/exec/repl/bootstrap/load/TaskTracker.java,17,2,1,0,1,4,0.0,6380808.75,2.0,2,1,0
ql/src/java/org/apache/hadoop/hive/ql/exec/repl/bootstrap/load/util/Context.java,3,1,1,0,1,7,0.0,2835915.0,2.0,2,1,0
druid-handler/src/java/org/apache/hadoop/hive/druid/serde/DruidGroupByQueryRecordReader.java,11,66,1,0,1,7,0.0,1890088.5333333334,9.0,9,1,0
druid-handler/src/java/org/apache/hadoop/hive/druid/serde/DruidSerDeUtils.java,1,4,1,0,1,6,0.0,3780177.066666667,6.0,6,1,0
storage-api/src/java/org/apache/hadoop/hive/ql/io/sarg/SearchArgumentImpl.java,0,6,1,0,1,12,0.0,3311451.4444444445,2.0,2,1,0
itests/hive-unit/src/test/java/org/apache/hive/jdbc/TestJdbcWithMiniLlapRow.java,45,0,1,0,1,1,0.0,0.0,1.0,1,1,0
llap-client/src/java/org/apache/hadoop/hive/llap/LlapBaseRecordReader.java,50,51,1,0,1,4,0.0,4683917.642857143,9.0,9,1,0
llap-client/src/java/org/apache/hadoop/hive/llap/LlapRowRecordReader.java,15,11,1,0,1,6,0.0,4297273.933333334,8.0,8,1,0
llap-ext-client/src/java/org/apache/hadoop/hive/llap/LlapArrowBatchRecordReader.java,82,0,1,0,1,1,0.0,0.0,1.0,1,1,0
llap-ext-client/src/java/org/apache/hadoop/hive/llap/LlapArrowRowInputFormat.java,53,0,1,0,1,1,0.0,0.0,1.0,1,1,0
llap-ext-client/src/java/org/apache/hadoop/hive/llap/LlapArrowRowRecordReader.java,107,0,1,0,1,1,0.0,0.0,1.0,1,1,0
llap-ext-client/src/java/org/apache/hadoop/hive/llap/LlapBaseInputFormat.java,22,5,1,0,1,6,0.0,1196943.4545454546,23.0,23,1,0
ql/src/java/org/apache/hadoop/hive/ql/io/arrow/ArrowWrapperWritable.java,63,2,2,0,2,2,947093.0,947093.0,1.0,1,2,0
ql/src/java/org/apache/hadoop/hive/ql/io/arrow/RootAllocatorFactory.java,53,0,2,0,2,2,947093.0,947093.0,1.0,1,2,0
ql/src/test/org/apache/hadoop/hive/llap/TestLlapOutputFormat.java,1,0,1,0,1,4,0.0,4710490.2,7.0,7,1,0
ql/src/java/org/apache/hadoop/hive/llap/LlapArrowRecordWriter.java,70,0,1,0,1,1,0.0,0.0,1.0,1,1,0
ql/src/java/org/apache/hadoop/hive/llap/LlapOutputFormatService.java,8,3,1,0,1,6,0.0,2922551.25,13.0,13,1,0
ql/src/java/org/apache/hadoop/hive/llap/WritableByteChannelAdapter.java,125,0,1,0,1,1,0.0,0.0,1.0,1,1,0
ql/src/java/org/apache/hadoop/hive/ql/security/authorization/AuthorizationPreEventListener.java,3,1,1,0,1,15,0.0,4572323.48,4.0,4,0,1
standalone-metastore/src/main/java/org/apache/hadoop/hive/metastore/IHMSHandler.java,0,15,1,0,1,3,0.0,4495501.75,3.0,3,0,1
hcatalog/core/src/main/java/org/apache/hive/hcatalog/storagehandler/DummyHCatAuthProvider.java,7,0,1,0,1,2,0.0,11224660.0,1.0,1,1,0
itests/hive-unit/src/test/java/org/apache/hadoop/hive/ql/security/TestHDFSPermissionPolicyProvider.java,189,0,1,0,1,1,0.0,0.0,1.0,1,1,0
itests/hive-unit/src/test/java/org/apache/hive/jdbc/TestRestrictedList.java,0,1,1,0,1,3,0.0,4629516.333333333,2.0,2,1,0
itests/util/src/main/java/org/apache/hadoop/hive/ql/security/DummyHiveMetastoreAuthorizationProvider.java,6,2,1,0,1,7,0.0,13595738.833333334,1.0,1,1,0
jdbc-handler/src/main/java/org/apache/hive/storage/jdbc/dao/DatabaseAccessorFactory.java,2,1,1,0,1,4,0.0,7853491.4,2.0,2,1,0
ql/src/java/org/apache/hadoop/hive/ql/security/authorization/HDFSPermissionPolicyProvider.java,120,0,1,0,1,1,0.0,0.0,1.0,1,1,0
ql/src/java/org/apache/hadoop/hive/ql/security/authorization/HiveMetastoreAuthorizationProvider.java,7,0,1,0,1,3,0.0,8990572.0,1.0,1,1,0
ql/src/java/org/apache/hadoop/hive/ql/security/authorization/PolicyProviderContainer.java,77,0,1,0,1,1,0.0,0.0,1.0,1,1,0
ql/src/java/org/apache/hadoop/hive/ql/security/authorization/PrivilegeSynchonizer.java,39,31,1,0,1,1,0.0,1908607.0,2.0,2,1,0
ql/src/java/org/apache/hadoop/hive/ql/security/authorization/plugin/HiveV1Authorizer.java,9,9,1,0,1,13,0.0,4173364.32,2.0,2,1,0
ql/src/java/org/apache/hadoop/hive/ql/security/authorization/plugin/sqlstd/SQLAuthorizationUtils.java,1,1,1,0,1,11,0.0,7144201.5,1.0,1,1,0
ql/src/java/org/apache/hadoop/hive/ql/udf/generic/GenericUDFCurrentAuthorizer.java,120,0,1,0,1,1,0.0,0.0,1.0,1,1,0
ql/src/java/org/apache/hadoop/hive/ql/udf/generic/GenericUDFRestrictInformationSchema.java,9,7,1,0,1,1,0.0,1908607.0,2.0,2,1,0
standalone-metastore/src/gen/thrift/gen-javabean/org/apache/hadoop/hive/metastore/api/HiveObjectPrivilege.java,108,4,1,0,1,2,0.0,18633161.0,1.0,1,1,0
standalone-metastore/src/main/java/org/apache/hadoop/hive/metastore/client/builder/HiveObjectPrivilegeBuilder.java,7,1,1,0,1,2,0.0,13984796.0,1.0,1,1,0
standalone-metastore/src/main/java/org/apache/hadoop/hive/metastore/model/MDBPrivilege.java,11,1,1,0,1,2,0.0,11224660.0,1.0,1,1,0
standalone-metastore/src/main/java/org/apache/hadoop/hive/metastore/model/MGlobalPrivilege.java,11,1,1,0,1,2,0.0,11224660.0,1.0,1,1,0
standalone-metastore/src/main/java/org/apache/hadoop/hive/metastore/model/MPartitionColumnPrivilege.java,11,1,1,0,1,2,0.0,11224660.0,1.0,1,1,0
standalone-metastore/src/main/java/org/apache/hadoop/hive/metastore/model/MPartitionPrivilege.java,11,1,1,0,1,2,0.0,11224660.0,1.0,1,1,0
standalone-metastore/src/main/java/org/apache/hadoop/hive/metastore/model/MTableColumnPrivilege.java,11,1,1,0,1,2,0.0,11224660.0,1.0,1,1,0
standalone-metastore/src/main/java/org/apache/hadoop/hive/metastore/model/MTablePrivilege.java,11,1,1,0,1,2,0.0,11224660.0,1.0,1,1,0
ql/src/java/org/apache/hadoop/hive/ql/exec/vector/VectorExpressionDescriptor.java,95,121,3,0,2,13,210769.0,4396385.961538462,5.0,1,3,0
ql/src/java/org/apache/hadoop/hive/ql/exec/vector/VectorHashKeyWrapperBatch.java,3,3,3,0,2,10,210769.0,3976823.8214285714,7.0,1,3,0
ql/src/java/org/apache/hadoop/hive/ql/exec/vector/expressions/CastDateToBoolean.java,122,61,3,0,2,2,210769.0,210769.0,1.5,1,3,0
ql/src/java/org/apache/hadoop/hive/ql/exec/vector/expressions/CastDecimalToDecimal.java,3,3,3,0,2,5,210769.0,5567553.35,8.0,1,3,0
ql/src/java/org/apache/hadoop/hive/ql/exec/vector/expressions/CastFloatToDecimal.java,130,65,3,0,2,2,210769.0,210769.0,1.5,1,3,0
ql/src/java/org/apache/hadoop/hive/ql/exec/vector/expressions/CastLongToDecimal.java,3,3,3,0,2,4,210769.0,22270213.4,2.0,1,3,0
ql/src/java/org/apache/hadoop/hive/ql/exec/vector/expressions/CastStringToDecimal.java,3,3,3,0,2,5,210769.0,5567553.35,8.0,1,3,0
ql/src/java/org/apache/hadoop/hive/ql/exec/vector/expressions/CastTimestampToLong.java,109,71,3,0,2,7,210769.0,3155404.0,9.0,1,3,0
ql/src/java/org/apache/hadoop/hive/ql/exec/vector/expressions/NullVectorExpression.java,112,56,3,0,2,2,210769.0,210769.0,1.5,1,3,0
ql/src/java/org/apache/hadoop/hive/ql/exec/vector/expressions/aggregates/VectorUDAFSumDecimal.java,3,3,3,0,2,6,210769.0,3711702.2333333334,9.0,1,3,0
ql/src/java/org/apache/hadoop/hive/ql/exec/vector/expressions/aggregates/VectorUDAFSumDecimal64ToDecimal.java,3,3,3,0,2,3,210769.0,3662049.2,2.5,1,3,0
ql/src/java/org/apache/hadoop/hive/ql/exec/vector/ptf/VectorPTFEvaluatorDecimalFirstValue.java,3,3,3,0,2,4,210769.0,3867696.0,3.0,1,3,0
ql/src/java/org/apache/hadoop/hive/ql/exec/vector/ptf/VectorPTFGroupBatches.java,3,3,3,0,2,4,210769.0,3384234.0,3.5,1,3,0
ql/src/java/org/apache/hadoop/hive/ql/plan/ExprNodeGenericFuncDesc.java,9,8,4,0,3,11,258571.0,5192318.388888889,2.0,1,3,1
standalone-metastore/src/main/java/org/apache/hadoop/hive/metastore/AcidEventListener.java,51,0,1,0,1,1,0.0,13976604.0,2.0,2,1,0
hcatalog/hcatalog-pig-adapter/src/test/java/org/apache/hive/hcatalog/pig/TestHCatLoaderComplexSchema.java,12,0,1,0,1,12,0.0,6723273.470588235,1.0,1,0,1
ql/src/java/org/apache/hadoop/hive/ql/optimizer/stats/annotation/StatsRulesProcFactory.java,171,9,3,0,1,25,183257.0,1190388.8333333333,6.0,6,1,2
ql/src/java/org/apache/hadoop/hive/ql/plan/ColStatistics.java,0,1,1,0,1,10,0.0,9276863.333333334,1.0,1,1,0
ql/src/test/org/apache/hadoop/hive/ql/plan/mapping/TestStatEstimations.java,113,0,1,0,1,1,0.0,0.0,1.0,1,1,0
ql/src/java/org/apache/hadoop/hive/ql/metadata/HiveMaterializedViewsRegistry.java,5,2,1,0,1,11,0.0,1533017.4,13.0,13,0,1
ql/src/java/org/apache/hadoop/hive/ql/lockmgr/DbTxnManager.java,88,59,1,0,1,21,0.0,1143490.0294117648,1.0,1,1,0
ql/src/java/org/apache/hadoop/hive/ql/metadata/HiveStorageHandler.java,9,4,1,0,1,7,0.0,5372456.777777778,1.0,1,1,0
ql/src/test/org/apache/hadoop/hive/ql/lockmgr/TestDbTxnManager2.java,29,0,1,0,1,17,0.0,1109924.3793103448,1.0,1,1,0
ql/src/test/org/apache/hadoop/hive/ql/metadata/StorageHandlerMock.java,103,0,1,0,1,1,0.0,0.0,1.0,1,1,0
itests/hive-unit/src/test/java/org/apache/hadoop/hive/ql/TestAcidOnTez.java,4,2,2,0,1,11,1076370.0,2087132.4444444445,2.0,2,2,0
streaming/src/test/org/apache/hive/streaming/TestStreaming.java,8,8,1,0,1,4,0.0,578475.1666666666,1.0,1,1,0
druid-handler/src/java/org/apache/hadoop/hive/druid/io/DruidQueryBasedInputFormat.java,23,25,1,0,1,8,0.0,1416260.1333333333,7.0,7,1,0
druid-handler/src/java/org/apache/hadoop/hive/druid/serde/DruidScanQueryRecordReader.java,0,1,1,0,1,3,0.0,5270052.0,1.0,1,1,0
druid-handler/src/test/org/apache/hadoop/hive/druid/DruidStorageHandlerUtilsTest.java,0,32,1,0,1,1,0.0,3869604.0,2.0,2,1,0
ql/src/java/org/apache/hadoop/hive/llap/LlapCacheAwareFs.java,5,1,1,0,1,4,0.0,3843125.6666666665,1.0,1,1,0
ql/src/java/org/apache/hadoop/hive/ql/io/parquet/vector/BaseVectorizedColumnReader.java,13,13,1,0,1,4,0.0,5377080.0,1.0,1,1,0
llap-server/src/test/org/apache/hadoop/hive/llap/daemon/impl/comparator/TestAMReporter.java,3,0,1,0,1,5,0.0,4491634.4,1.0,1,0,1
ql/src/test/org/apache/hadoop/hive/ql/exec/tez/TestWorkloadManager.java,3,0,1,0,1,2,0.0,852409.5833333334,21.0,21,0,1
hcatalog/core/src/test/java/org/apache/hive/hcatalog/mapreduce/HCatBaseTest.java,37,13,2,0,1,10,229277.0,5438802.944444444,2.0,2,0,2
itests/util/src/main/java/org/apache/hive/jdbc/miniHS2/MiniHS2.java,2,0,1,0,1,8,0.0,1574291.6,1.0,1,0,1
service/src/test/org/apache/hive/service/server/TestHS2HttpServer.java,27,6,1,0,1,11,0.0,2747511.5185185187,1.0,1,0,1
hcatalog/core/src/test/java/org/apache/hive/hcatalog/mapreduce/TestHCatPartitionPublish.java,7,1,1,0,1,11,0.0,7558561.4,1.0,1,0,1
ql/src/test/org/apache/hadoop/hive/ql/io/orc/TestNewInputOutputFormat.java,9,1,1,0,1,2,0.0,10295857.0,1.0,1,0,1
itests/hive-unit/src/test/java/org/apache/hadoop/hive/ql/TestAutoPurgeTables.java,13,1,2,0,2,5,192474.0,4453896.875,1.5,1,0,2
itests/util/src/main/java/org/apache/hadoop/hive/ql/QOutProcessor.java,41,7,2,0,1,3,188585.0,1882480.0,2.0,2,0,2
itests/util/src/test/java/org/apache/hadoop/hive/ql/TestQOutProcessor.java,2,2,2,0,1,2,188585.0,2823720.0,2.0,2,0,2
ql/src/java/org/apache/hadoop/hive/ql/hooks/PostExecWMEventsSummaryPrinter.java,1,0,1,1,1,1,0.0,13931044.0,2.0,2,1,0
common/src/test/org/apache/hive/common/util/Retry.java,76,0,1,0,1,1,0.0,0.0,1.0,1,1,0
common/src/test/org/apache/hive/common/util/RetryTestRunner.java,107,0,1,0,1,1,0.0,0.0,1.0,1,1,0
spark-client/src/test/java/org/apache/hive/spark/client/rpc/TestRpc.java,4,2,1,0,1,9,0.0,6133643.647058823,2.0,2,0,1
itests/hive-unit/src/test/java/org/apache/hive/beeline/TestBeeLineWithArgs.java,3,0,1,0,1,25,0.0,1686563.4179104478,1.0,1,1,0
itests/hive-unit/src/test/java/org/apache/hive/jdbc/TestSSL.java,1,0,1,0,1,12,0.0,5240227.666666667,1.0,1,1,0
itests/util/src/test/java/org/apache/hadoop/hive/cli/control/TestDanglingQOuts.java,1,0,1,0,1,4,0.0,6777236.0,1.0,1,1,0
standalone-metastore/src/test/java/org/apache/hadoop/hive/metastore/TestCatalogNonDefaultClient.java,1,1,1,0,1,2,0.0,3853893.0,1.0,1,1,0
standalone-metastore/src/test/java/org/apache/hadoop/hive/metastore/TestCatalogNonDefaultSvr.java,1,3,1,0,1,2,0.0,3853893.0,1.0,1,1,0
standalone-metastore/src/test/java/org/apache/hadoop/hive/metastore/TestCatalogOldClient.java,1,1,1,0,1,2,0.0,3853893.0,1.0,1,1,0
standalone-metastore/src/test/java/org/apache/hadoop/hive/metastore/TestOldSchema.java,2,0,1,0,1,3,0.0,2543687.25,1.0,1,1,0
standalone-metastore/src/test/java/org/apache/hadoop/hive/metastore/TestStats.java,4,0,1,0,1,3,0.0,1926946.5,1.0,1,1,0
service/src/java/org/apache/hive/service/AbstractService.java,16,7,1,0,1,7,0.0,9016791.555555556,1.0,1,1,0
service/src/java/org/apache/hive/service/cli/CLIService.java,4,1,1,0,1,22,0.0,2033641.3392857143,3.0,3,1,0
itests/hive-jmh/src/main/java/org/apache/hive/benchmark/hash/Murmur3Bench.java,107,0,1,0,1,1,0.0,0.0,1.0,1,1,0
storage-api/src/java/org/apache/hive/common/util/BloomKFilter.java,2,2,1,0,1,4,0.0,6285886.0,1.0,1,1,0
storage-api/src/java/org/apache/hive/common/util/Murmur3.java,46,0,1,0,1,4,0.0,4802015.714285715,3.0,3,1,0
storage-api/src/test/org/apache/hive/common/util/TestMurmur3.java,27,2,1,0,1,4,0.0,5525327.666666667,2.0,2,1,0
ql/src/java/org/apache/hadoop/hive/ql/exec/tez/TezTask.java,5,1,1,0,1,22,0.0,1114060.4803921569,20.0,20,0,1
common/src/java/org/apache/hadoop/hive/common/CompressionUtils.java,4,0,1,0,1,7,0.0,16724001.166666666,1.0,1,0,1
